CustomerID,Age,Gender,Tenure,Balance,NumOfProducts,HasCrCard,IsActiveMember,EstimatedSalary,Exited
349df5e3-6023-42aa-aa1c-994ee1150fe1,26,Female,3,183531.73022071325,2,0,1,39466.46416223077,0
df4892b2-4922-4469-9e30-21327ee5a747,35,Male,1,48129.41355390615,1,1,0,125134.32741195471,0
26356261-1475-4fe3-a168-3a26588658ad,28,Female,6,69845.04977654082,1,0,0,139058.54727531428,0
edb9a42d-8418-490f-8a5b-6d19d9b26a10,28,Male,4,69612.56078841304,2,0,0,119424.51704684024,0
df8ff389-022d-4d08-8c91-b2e17ba7ffc6,30,Male,6,65124.063600843554,2,1,1,112798.18871067252,0
6ce9c6e2-ee9c-44b2-b3cc-a26ef7908a21,57,Female,8,69669.27954394597,2,1,0,52421.153217697065,0
a56eb49d-920e-4345-bdfc-3a982835da80,69,Female,2,204762.90988109563,2,1,1,12266.439036979797,0
4f3308c9-6082-4297-8023-a71712d35e4f,27,Female,9,243061.4086199288,2,0,1,103295.59487091143,0
4b93fa5a-29b2-4dcb-a27b-a7abfcce50f6,69,Male,3,21630.694478957186,1,1,1,62134.308420580914,0
b6a80149-e8bb-49a7-be8c-91300d3a006d,25,Male,2,34659.21730110816,1,0,1,108709.02616237791,0
31c6ba5c-0289-4bee-8790-da67bc3d3565,55,Female,6,96202.6127900096,1,1,0,85057.1953061792,0
9b424975-6bc7-47d9-8d69-4a65b72ea158,42,Male,5,28149.747736452846,2,1,1,19210.277109269307,0
1c79754d-44ce-4f68-aad4-6e2baeee772c,43,Male,5,235248.49423508852,1,1,0,15662.86799424863,0
4f57deed-c36d-46f1-b61f-a10f9adcff91,36,Male,5,10946.861925074103,3,0,1,139719.13068847376,0
01877278-9df0-425b-83dc-6f59d8ed8293,40,Female,5,203999.91026731522,2,0,1,116829.41218394316,0
0878e7a3-8319-4b26-9fbd-4072b64bc319,20,Female,7,81865.76224910305,3,1,1,108824.64733608368,0
73b1738d-6262-4e66-a3e1-2d1ebbadfd4f,59,Female,0,97802.64388516404,3,1,1,114110.48473696294,0
0e9f14a6-b009-4b05-994e-6d8cc0b5a764,19,Male,6,52255.99942886869,2,0,1,59551.69108826387,0
d5aa369f-1ff2-4dad-9d87-6c713a8ac3ac,31,Female,6,58743.659750793515,2,1,1,88907.1908264181,0
b1825dc1-a347-4494-a8dc-7ca5eadec54b,27,Male,4,1835.6047193497093,3,1,1,125322.6522951053,1
5b397332-cb59-4ff8-8b52-2659ded60ac4,50,Male,0,225084.94261754825,3,0,0,16952.48203696995,1
4fc90da4-8ed2-41ca-9962-5894144d7aa1,68,Female,8,124188.15478529385,2,1,1,136373.19286923978,0
eed9e544-3d7b-47a3-9e55-327df372990f,60,Male,7,83526.1825558194,2,1,1,30782.67467899556,0
e619c3dd-dd5c-4a87-b242-8fb469dc7102,23,Female,9,220960.92587462452,1,0,0,11689.125810635125,0
9527a8fe-3ab0-44c9-bad7-5f8c5d30d584,29,Male,6,6836.39288262694,2,1,0,128159.4338958918,1
aa9ccadf-834e-43b2-916d-d9a9d4a27a87,52,Female,0,13337.388933527705,3,1,1,84368.21986104418,1
9c692db2-6695-489a-9397-d950587c52a4,41,Male,1,32573.626811878974,3,1,0,87527.31471208423,0
d37a5e5f-4984-4ee9-aea0-94dd60901a11,23,Male,3,178335.4845671195,3,0,0,123469.17824954567,0
43e7274b-dd57-4985-b101-43499880200d,66,Female,3,63874.31800788962,3,1,1,42533.57769028819,0
1eea5b46-cb57-4b8e-a2bb-641029ce99f0,39,Male,2,111161.1932298053,2,1,1,57299.80023049431,0
0c1bc26f-b2e1-4e62-87cd-38ad42c7d362,18,Male,2,158114.14532322594,1,0,0,57133.65724296828,0
dc8f8a8c-913b-4031-9754-8675f48e0a70,37,Male,9,183202.06454885885,1,0,1,136843.00177581533,0
adf34e39-0225-47f2-82d0-68ec7e19f674,19,Male,5,147794.22937725665,3,1,0,93211.58721200703,0
d5fb478b-ea36-418f-bd6a-ebc8a9ba4326,21,Female,3,80303.56121907203,3,0,1,17179.42374987012,0
f0914bae-55d2-49aa-8778-f3fa23aa4cc4,32,Female,5,28144.96808980374,3,1,0,100397.01816418723,0
8a6d7c7d-c038-46ab-af53-d166dba50e97,19,Female,4,104324.87033276047,1,0,0,70525.77144446198,0
4697f3b3-f947-4d70-a1d0-b00a44afa722,22,Male,5,70122.8625093803,1,1,1,108351.83629388941,1
179f393d-b64b-4868-8903-66a3a28fbeb2,41,Male,0,116796.79475135091,1,1,1,73307.2637795997,1
cfe03cfa-14ea-45e0-a461-0ef8cc139faf,43,Female,0,120596.78649316283,3,0,0,144007.1732815931,1
fb80344f-de25-4dd5-9f28-2c6d0376f020,50,Male,7,129507.70288759535,2,0,0,46981.118923710164,1
e4faf970-a382-4f80-bc50-55ff40500219,28,Female,0,175608.7273725336,3,0,0,50247.8904008947,0
ff166f5c-1d80-40cb-888d-e0a9a05e095f,43,Female,6,240506.83255501406,1,1,1,149662.9986587142,1
d606dff1-2add-4973-893d-607acea370f4,26,Male,4,38802.009980763054,3,0,0,10852.770907881355,0
51f92229-aa47-4912-9dc1-4529f95e75ca,44,Female,1,83100.34425845642,3,1,1,37770.209124413006,1
1b9aa87a-3868-4b27-9135-b72a24eb27ef,27,Female,1,19592.533023604086,1,0,1,22010.783383168207,0
50457310-f295-4468-a57d-5cc958edd9d5,58,Female,7,112517.20917639945,3,0,0,113067.43796226186,0
8c6ca0c7-3ec2-426a-8054-b7c76df82605,24,Female,0,61818.0581114266,1,1,1,92582.590465558,1
3528d122-9b13-4343-b02b-5f09aa1f5b4d,39,Female,4,178379.88831242305,3,0,1,13816.039013156325,0
a8131701-5efd-49e4-9b08-6ef5d627f099,24,Male,3,39388.5356367141,2,1,0,54947.66938763789,0
bfb50d11-2a49-4624-b3c0-23881128b095,40,Male,8,121472.49281090921,1,0,0,18076.90943088714,0
078f12bf-6b05-4986-840f-f690184f7b26,20,Female,2,51994.40536738406,2,0,0,36207.132386853555,0
f15d23bc-3308-419a-b926-bddd152d08c6,24,Male,7,26905.37494078188,3,1,0,104577.21027671668,0
a0f7d90c-74b9-42a9-8998-4516c2dc5f88,43,Female,3,131935.08283666096,2,0,0,40555.10324900194,0
f60a68ab-7d08-4abf-b484-b615a45abed4,52,Female,5,86981.39799847243,1,0,1,137017.6888909511,0
e1db3533-dba9-4ad0-82f9-adc2a4cd5623,28,Male,7,160274.36119995982,3,1,1,62684.94487710671,0
740e57ec-a5f1-4554-b7ff-0add7c8e4fb0,41,Male,8,7020.156317767451,3,1,1,19531.0050175153,1
0d20737e-599d-4f95-b60c-76965ba46ea1,39,Female,5,57567.40549700196,2,1,1,53580.47429305805,0
8811da5b-8619-4d28-aa4b-de9c7f9e0ee9,28,Male,9,41055.32865918094,2,0,0,141480.826703843,0
7283e07f-f98f-4f4e-8b28-1ece34ecac9e,26,Male,7,208437.50870181798,2,1,0,140625.0979184482,0
91cc69a3-b103-40d5-80e6-fe96b27f4fa0,24,Male,1,121653.83709861555,3,1,0,141542.68063437703,0
54f3e26e-e5a2-41cb-8361-9c69ee65b690,63,Female,6,128454.87317117024,1,1,0,59368.53855274765,0
dbe9b211-60bc-40a6-8fdc-4f99eb21fc00,23,Female,6,231752.14380705517,1,1,0,136009.94935875223,1
d2557fbc-4f4c-4937-bcaf-e0612f7597bc,52,Male,2,72255.49023680508,1,0,0,136181.21288866838,0
c39a9578-3a72-488e-9745-60c98d14aa02,32,Male,0,200796.30218457014,2,1,0,105026.19427046263,1
37224085-5ab6-4804-95f7-74c56f2194e9,50,Female,1,177769.05912758058,3,0,0,42275.68324125165,0
114a02d4-7996-4963-8673-2c273e3c52f2,22,Female,7,48911.81701548591,2,1,1,93017.08091525508,0
6d6f8b47-626f-416b-84db-374aba5ec498,65,Male,8,145982.88701075164,2,1,0,148312.91131797025,0
e27edd58-8c1f-4a0c-b66f-93393e8a01c1,58,Female,0,102200.6174925082,2,0,1,33024.26305987718,0
a2226321-1089-4fd0-91b6-4e435044686f,43,Male,1,213531.35207164133,2,1,1,34329.026985832534,0
6ddfe578-68b7-4e37-8875-e8d7016a997b,19,Female,6,17685.028362694753,3,0,0,112411.4919319459,0
6ac99401-e7c9-47f9-991a-33bd748bcf47,40,Male,3,224814.84312054233,3,1,1,136876.23143219366,0
f64529b7-934e-4089-99f6-504d46a49a38,34,Male,5,103696.20714289013,2,1,1,62509.74189731744,0
3119be68-9272-4c67-8314-8be3d1d4bc24,30,Male,3,119691.50205895556,3,1,0,55786.44441119864,0
0cbb9ecb-4a3e-4b93-ac14-cdbb005503d5,29,Female,9,137555.80620724065,2,0,0,10139.870705821662,0
12c586a5-06cc-4dce-b7eb-c8c6ed288b1d,48,Female,3,240531.9636661529,2,1,0,14879.339985463123,1
93c8fcdc-b83a-44a0-9ace-2f96e87f2414,44,Female,2,6071.036151440584,3,0,1,37454.89846309992,0
fbb9623d-edbd-45a8-8003-553e1c30a442,26,Female,9,170805.4278271914,3,1,0,147008.18627033712,0
62f2d1af-986c-4df4-99f0-706e5ce0b6e1,58,Male,1,99532.32115310912,3,0,1,103826.23259964467,0
8f48b487-b076-4f78-8d55-75127bb4896a,34,Female,7,37911.54746994002,3,0,0,58165.09802544184,0
f721e56d-d0a9-47b0-8446-5eefc9e08a75,55,Female,0,48133.861999845736,3,1,1,101672.75409014648,0
5dab3e09-e5b2-448c-badc-3339a8e2236b,50,Male,4,63721.79983788631,1,1,0,103640.86530831175,0
b00e973a-4b94-4526-bd3c-89610d356afb,33,Female,5,21597.03956505907,1,0,1,92082.33487792591,0
39c42ae6-a394-4fe9-a219-7ca8887d5019,52,Male,6,169277.52145339717,1,1,0,145368.78938883092,0
e9e0a666-a14c-4393-91e7-b6d3429255ee,55,Male,6,209766.62876259667,1,1,0,22323.336980746848,0
809aa634-5c93-4cee-adc5-334caad34c9c,41,Male,8,49288.717194413635,1,0,1,31866.281529033356,0
3721adca-1284-4aaa-854c-91bedbc37299,34,Female,9,12821.996860972351,3,1,1,72570.50714548284,0
61eb73c6-b732-44b1-8435-474c87d2b6cb,48,Male,6,142256.09681000377,1,0,0,132885.32313155866,0
e5b53e94-34fd-4a05-be25-3105756351e9,64,Male,5,207226.7376874369,1,1,0,69329.30300643726,0
ff3b3572-5049-44ef-9a74-ec64a20ca2a8,52,Male,8,58544.69170298332,1,0,1,22507.688146203174,0
9cb78678-d0b5-426e-99da-8c9c53f95447,60,Female,3,247124.95941504368,3,0,0,119717.54104400828,0
ecc742b8-385f-4a27-a481-ef401644fbb1,50,Female,2,223697.36639025251,2,0,1,105911.30795045159,0
6f7218fc-c49c-4bcb-8cf9-5d3501889cba,25,Male,7,76531.18059182707,3,1,1,125594.97108984063,0
1f83d86e-7e08-44cc-8ea1-bfad2f038b9c,54,Female,3,115273.14491188337,3,1,1,133731.33874862638,0
b5d50125-ded5-432c-b697-5767d4e15d7f,35,Male,0,5377.063139852839,2,0,1,46941.2787363776,0
13d455f1-15c4-4c38-8235-9fb607000ec2,25,Female,4,168542.34074074205,2,1,1,131456.64893643366,0
adab2e4f-6dc0-49da-a567-9fa90d8318f9,67,Female,8,148858.2110968438,1,0,1,93207.31691253622,1
235214fb-2dc8-42e8-b981-00dc28b88fa1,56,Female,1,239757.79081168651,2,0,1,143092.98653750887,0
e0e38c3f-c4e0-4778-ad07-ec305330adaa,44,Male,1,121242.39683406612,2,1,1,100437.34195844734,1
1a572cfe-7e68-4d12-88e5-b3bcf9cc1f05,20,Female,1,11559.455782248651,3,0,1,104752.74884784746,0
e51df44b-09ca-4235-92f8-7ede403664bf,36,Male,8,112315.042862596,1,0,1,128130.73333032627,0
532f30c2-e050-4676-b6d1-30c636905ff1,48,Male,1,240750.18200054835,1,0,1,134634.4940271959,0
d7d5b5e6-2fa9-4f6e-8b61-46cf19deb041,58,Female,2,224534.78211604434,2,0,0,136769.40475031358,0
59560fa2-275b-4f42-be07-085aa2c1f211,60,Male,8,168878.95518407796,3,1,0,24875.670142417526,0
4954e00f-6481-486a-95aa-59d8b847e111,41,Female,0,219052.1468430536,2,1,1,56685.35044196047,1
6f4c6f03-3187-45fc-ab7c-26dca7053fe8,58,Female,9,237818.76826103742,3,0,1,93044.30615210359,0
64766640-e449-4a47-9536-bd8b7bfb5a47,52,Male,9,247428.75179378307,1,1,0,107124.53789735318,0
26e5e8a3-7613-482e-b8bf-834a972643cb,45,Female,3,213977.96004591565,3,1,1,43991.63541699314,0
1b9d0e95-f2ad-4aca-b2da-0f2a468905a3,51,Female,9,69574.79569981123,2,0,0,87975.23781512161,0
27295065-f7f3-4662-bd38-b4d860cfa46d,25,Male,3,246842.65083249586,1,1,1,64668.17556881746,0
f258e356-cbc3-4df5-a1fb-9ca9a7e654a2,28,Male,9,177793.5594176727,3,1,1,95230.76833822965,0
bc68483a-ffb8-4a16-a9c5-afc6ebedf7c6,56,Female,6,126824.63616961545,3,0,1,97011.64890052078,0
9ec26132-20b2-4de8-8711-71a4db3a81ab,44,Female,2,229830.29900901215,2,0,0,103135.46327632462,0
75d97985-528e-45ee-a2ee-2a46a37f1818,59,Male,1,231705.71306514464,2,1,1,122265.32247079392,0
e8cce3b0-9783-431e-aac9-639694949bb7,42,Male,6,10541.931653625576,2,0,1,37124.11419564222,0
293dff60-8870-479c-97a7-742c02e05da0,23,Female,4,46986.21887254659,2,0,0,72264.30027538902,0
1aaba5d2-c6ea-44ad-999b-fb5bdf09d011,48,Female,0,168528.2204558221,2,0,0,125018.46231360988,1
71cc9864-19f6-4258-b54f-bf71a131d38e,33,Female,9,171502.26653380127,1,0,1,98045.30317254619,0
20d62392-5490-4106-8efe-b6317c167799,32,Female,6,231171.91633699232,1,1,0,17765.438954375248,0
77e940bd-1649-4065-a92a-b6f1acdc11f3,18,Female,8,103892.21907877167,1,1,0,88167.78836880015,1
54d3d445-f0e1-4bed-ab56-55025eab09d3,67,Female,9,246918.02500778018,1,0,1,62581.14639977327,1
14cfd3ac-1728-46fd-80ef-01501baa20a7,31,Female,1,18397.586320485436,1,1,0,117975.0372718424,0
e111a3b5-b7e0-4fb5-a3d5-5317e0892192,59,Male,0,196057.67838751158,3,1,1,139296.1487180362,0
b0ff2f06-b7bc-4328-8355-6b1992fe3419,49,Male,2,175953.41561631006,3,0,0,77481.0149163318,0
6cd37703-8310-4f44-93a9-d17b4b2e3216,60,Female,7,135509.98505820296,1,0,1,30511.59614342212,1
c92f994c-1739-4a6c-9ec8-d9b107245478,31,Female,7,147192.70677700182,1,1,1,143818.53800371054,1
e90e0327-0d15-4520-bbbc-bb0de138a677,19,Female,9,57532.844837822755,1,1,1,32931.353252673274,0
b9493698-c116-4643-ad99-c3a17c0dc3e5,39,Female,3,197268.1173909562,2,0,0,71811.20367759906,0
eee240e0-b8cb-4c67-ad37-d3bfdc0606d5,43,Male,7,154719.4808333669,2,0,0,108237.92299149292,0
2ad2ae0e-ec16-4022-a74f-5ba25b275d47,57,Male,5,55584.31969036662,2,1,1,79354.9947060264,1
7ba8fbf6-4c81-4d78-be39-1050c87657d2,56,Female,9,2257.1627163584794,3,1,1,113774.12522470692,1
73bcd375-7276-4a7a-88f2-caac89528f40,31,Female,1,235010.341133493,2,1,0,140541.29290440222,0
310debc7-61ac-4e7e-bf3e-053212b208e0,30,Female,2,65118.17047114696,2,0,1,72914.23707289205,0
0ea09311-4dbc-45b4-9dec-f7cb7077f313,51,Female,8,13178.067568272583,2,0,0,139465.1376296716,1
d0d56708-9fcc-4dd4-9d51-263ef76c6017,59,Male,0,225784.3876490364,1,0,0,35639.188918423184,1
12155fc7-3bd6-46a3-a018-5ebcdcb2354a,64,Female,6,194944.35515419696,1,0,1,23655.308169678276,0
1bfb227a-6058-4b3e-9ca6-138e5880afbc,29,Male,6,176365.6046910356,3,0,1,145544.80169039912,0
bec9060b-5134-4d40-a813-622c3e090ea9,37,Female,9,51757.47142500561,1,1,0,49750.02709218568,0
dd7d5a43-2e69-43d6-968f-ae3091bab0ef,55,Female,2,90270.08841310926,1,0,0,111674.50393543366,0
d6879545-5781-4e12-b456-afad69326a54,47,Male,0,216465.88925965157,3,0,1,99157.61624941014,1
6b942be4-0f67-4bad-82d3-1096c02487dd,45,Female,0,239749.1111257984,3,0,0,29624.9766386494,0
14814a94-fd47-440a-94f8-a70bd9435e52,68,Male,2,240731.14016338869,2,0,0,13703.50099904718,0
50e1cd15-a085-4542-aec7-9d0a35520fb9,31,Male,0,98810.50564406834,2,1,0,54025.37428615446,0
7fb527e9-c127-4c11-853b-91d13a7ea3c0,22,Female,9,162353.62248134534,2,1,0,57939.61402016768,0
78856313-8d39-46ed-9a11-9f5bea4022b7,46,Male,2,113100.75572781195,1,0,0,95958.36619750594,0
cb751769-625e-41f5-ba08-51dc4c9e0c16,63,Male,6,238355.7454820021,1,0,1,134862.19387137948,0
093e3830-35fc-4cae-98c8-3cb314f438d0,25,Male,1,243560.38439013518,3,0,0,74183.6467806963,0
a85edfb1-3eb6-41a2-bc04-97f75b71468c,44,Male,3,60998.30777797818,3,0,1,107752.47771834082,0
156291f5-eca6-4330-bdd5-b54211b68f9e,49,Male,2,46192.95513976443,3,1,0,137841.64498294194,0
fdd54326-93e3-4de3-b2d6-997773109388,45,Male,9,146391.76620823887,3,1,1,101362.70378993035,0
06180743-2aba-4cc2-bcc1-cd21c9e75752,41,Male,6,177233.8100403474,2,1,1,33777.30436288072,0
58aa72cf-19a0-4f65-8016-528aae4cd60e,58,Female,0,117798.42582549265,1,1,1,78901.0865509201,1
58ebcb02-1e9c-4005-b472-5cb21a8cdae5,30,Male,2,106722.58784781206,1,1,1,49203.17756825326,0
8f993266-8dbc-41f1-a159-abea5f1c9309,64,Female,7,17483.85141909434,3,1,1,92943.59952499451,0
fa622d0d-aae9-47aa-b361-69c6ffde105d,21,Female,1,180365.34092500058,2,1,0,51541.827466647876,0
34416516-fdc5-41f9-aed3-8f1f09a939e2,21,Male,1,13388.776947543036,3,1,0,64445.29408046561,1
f71a6eef-2295-49c3-8cd2-8f9d1042d839,64,Female,3,37577.63442457546,1,1,0,103593.18732229555,0
b02a4ae9-7b50-4eba-be39-c218ddf65cb9,38,Female,1,122086.34003154615,2,1,0,147718.74273992548,1
b0369c7d-f23c-477f-aafe-32c43823c0ec,43,Male,1,50342.26111230381,3,0,1,69829.13755128623,0
aa101652-e3e4-441c-8443-4022124f99f3,53,Male,7,169763.012437789,2,1,1,141119.61800360633,0
85eaa264-c2f0-462a-ab65-d80941d1e1a8,32,Female,1,228716.95243707503,2,0,0,89670.60631039685,0
2ec4173a-fe6b-4775-b15a-0e540febfeea,44,Female,9,39225.7410852106,3,1,1,44208.25011517241,1
e9f897c1-1da9-4c1f-b0c6-9f66519d426a,63,Male,9,89903.78097112992,1,0,1,66591.91850886655,0
c4b1e693-2085-4d56-ae00-47ff9e360931,57,Male,6,156212.72417610802,1,0,1,25254.02005340669,0
8e5d5134-a2ef-4563-a90a-823a4bccf490,50,Male,3,235477.08009991725,3,1,1,71377.85977600596,0
381d0e41-f29b-4d0b-888d-9e5180cf443c,61,Male,5,58283.72605919291,1,0,1,79005.6005486494,0
482d2fac-d388-46b5-a836-2017c2af15fd,52,Male,9,102164.16068810805,2,0,0,130411.83434179965,0
9a237c75-320a-4114-943b-33e495fe71e0,54,Male,5,150797.70002696663,3,0,0,16393.08269376318,0
9ebabb40-ce72-4a2e-abc1-399cfba1b749,46,Female,5,123133.31827300356,2,1,1,105006.67824142886,0
886237cc-d2b2-4fc7-bf8c-e483441646aa,46,Female,0,18108.250962537986,1,1,1,110107.57458745221,0
32f2407a-b3cc-429c-99cf-19e2407beca7,48,Male,8,150358.47000040216,2,1,0,23161.541503596,0
c31f9a5a-8a1c-4301-a30a-a56f20d3ea0e,25,Female,2,128543.33572169537,2,1,1,141266.51672084734,0
1b49b49a-e883-45d8-a6fe-29cfb84ca958,52,Male,2,166171.5428662068,2,0,0,27520.89667302813,0
d5cca01c-1479-4996-a236-e3652e123dca,29,Female,4,186659.89923502706,3,1,0,12262.204976715402,0
e93fa09d-6d8c-41fd-9d14-e46acc1fc10a,68,Female,0,126345.8772777055,3,1,1,44829.65156464653,0
16a3e8db-74a6-4a34-a450-711788348342,25,Female,1,204966.1490780583,3,0,0,94614.18167934936,0
7dc1b6b8-8390-4d33-afce-142f0c20987a,52,Male,6,212569.26657727448,2,0,0,109547.91970384643,0
577d3582-64fd-42f9-bd1e-d785bfc9ae6a,28,Male,3,204729.81291782003,2,0,1,82822.34968271108,0
8163ea88-e86c-462f-a70b-0303866ac3de,21,Male,1,6305.7127231189725,1,1,1,66998.45982151377,0
be88a2b7-71a4-4128-b7ca-868104c7a827,33,Female,0,222222.22495676167,2,1,1,21191.531009516802,0
d629917a-5595-4fb1-998b-a7041242b287,67,Male,7,81729.78612824269,3,0,0,132738.8440278658,0
3119e2a9-6818-4863-8b43-1922e8460b5c,44,Male,2,150255.46255725788,3,1,0,39397.125683323975,1
e1ed5d96-4e55-44ae-b316-da97d4af9c18,56,Male,6,160566.60016634775,3,0,1,43303.67491007065,0
72cf3946-5997-471c-a6bd-9fdc8877e92c,27,Female,1,217784.99783903136,2,1,0,111060.60525105085,0
2dc8c5b9-cf46-4e1b-a8f6-0a7f95fedf42,18,Male,1,64912.44710691341,3,0,0,26342.41516379761,1
149f92e1-64e5-4538-ac41-d76489b52d5b,19,Male,4,209635.03383573893,2,1,1,108623.27675846395,1
685e1fb8-c797-4368-9cec-893874fdd491,57,Male,3,48112.128614080066,3,1,0,42336.084292840795,0
6a560da1-3a9a-4607-968d-8e16ec90d5d5,61,Female,1,88398.53762983391,1,1,1,56616.85049270209,0
cef8b78b-18af-4bef-97b9-09bf8240d9d0,33,Male,9,91197.10971693543,2,0,0,139848.9906248877,0
68a744ca-c375-44bb-b27d-d0be5a401441,65,Female,6,21497.061321170797,2,1,1,132908.5638604764,0
f7604b83-ca7f-4355-aad2-ec275f9db19e,36,Male,0,69678.59300492221,1,1,1,76071.74049152296,1
0cb055bc-bd62-4269-9155-18d4cc43af21,40,Female,2,218554.47600068845,3,1,1,27740.358219318623,0
c8f0a5ad-73df-440f-85c3-0b3470e07612,38,Female,7,102464.35700771473,2,1,1,116871.23336431508,0
126d3fb1-a745-49de-b97b-eca6d2297192,46,Female,0,36230.1684005206,1,0,0,144196.79224374244,1
57ee8aa6-26f8-4aea-a9c5-dd01a262ca01,30,Male,6,25685.254899115633,1,1,1,105566.62801217141,0
4083d04f-8bcf-48ee-bdd8-b3d740876842,18,Female,1,140681.04423247348,2,1,1,112577.39808132981,0
731d8355-03b3-49d6-9f13-8151f43e16ed,26,Male,4,30797.527080501568,3,1,0,36694.83838100771,0
c17bcdb1-a887-4fce-be26-e44d848124b7,42,Female,9,184807.49802055795,3,1,1,32621.893551769506,0
a996dc26-2fb6-4855-84c7-817f06618f21,39,Female,8,5924.024541895084,2,1,0,95171.42665942709,1
7766d008-d1cb-412e-92da-c9372dcbccda,51,Male,9,82486.3427308855,2,0,1,79935.7390272041,0
399a946b-0514-47aa-8573-414ce2df0544,30,Female,8,233976.09421280015,3,1,1,23520.460315827855,0
e7346dc2-29df-450b-a210-32f94965eebc,36,Male,6,53005.76759079509,2,1,1,78510.60367664725,1
6cc991eb-4e57-45e1-aab8-aba3f5d38561,48,Female,3,86194.26740107896,2,1,0,95732.69242081261,0
9001697c-e71d-4756-a2cc-9e46f5be3887,58,Male,5,99193.45034208341,3,0,1,101954.940278777,0
89110f3f-926f-4240-8bd6-bff988469eef,48,Male,5,10424.777276996421,3,1,0,65947.18588044572,0
68c9dad1-eaf0-41d3-b809-40bf2716aa29,31,Male,9,131507.9026534574,2,0,0,77215.3905846487,0
97d8464e-4cad-464f-a51f-a6cebd38d930,42,Male,9,158279.79924375206,3,1,0,48797.940663110756,0
696ef509-eb52-40bf-8ef6-e8fbb71a78de,41,Male,9,69049.54291806623,3,0,0,130640.00859720023,0
6e3248dc-cb6e-410b-96b5-cb45d3878fed,23,Male,4,22586.195173320335,1,0,0,91954.6940583801,0
25e1b6d7-e73c-402f-bf0c-f32b4aa21cbe,68,Male,8,197602.08182282178,2,0,0,67620.06695740548,0
03aed4c9-fd8b-497f-9e2d-b2ab2fab6d85,33,Male,2,184280.59262743537,3,0,1,75225.79338971991,0
f41a2a07-8f8b-42dc-a1dc-a2b3003aceae,31,Male,8,239455.95329491404,3,0,1,139402.0116725213,1
101d2143-bd22-4eb0-b71f-155b587384ef,63,Female,1,231226.35399211556,3,1,0,134877.53491764425,1
46f0337f-6fd7-4d47-b405-241e65d3dd17,41,Female,6,169081.0919299624,1,1,0,59481.08985659522,0
31cb0e4d-244d-461f-a00f-d7ba7a7ad5c6,59,Female,3,66267.53747119369,3,1,0,134557.22016250592,1
a5bd6850-773f-4359-98fd-c15036f6e78d,33,Male,1,233403.2939702225,3,1,0,54273.342105808835,0
f946bc00-a04f-4364-824d-0a35b7eb125f,52,Female,6,206280.35949879672,1,0,0,113834.83522204678,0
c9e4c944-71f8-4500-935c-539943d3183c,54,Female,4,212520.96665096213,1,1,1,40001.85937854295,1
a08a5d16-b4ef-4e4c-a1a0-99ca3be7134c,61,Male,7,194901.41632704297,3,0,0,100761.40114473738,0
70cf07ec-9947-4373-868b-bbec09f4db46,66,Male,1,207200.53327935757,2,0,0,79958.6495611539,0
1f664e6a-2236-4d34-85f7-66cab92141f2,44,Male,4,7737.996550644277,1,1,1,25183.29760140136,0
62d62f44-a947-4f14-a8a1-a5ad1d5d7bf3,65,Male,0,156741.40368533364,1,1,0,55117.05234021911,0
aafc8e67-b249-4e17-b989-b5cccd527d3b,59,Female,9,108286.24072204727,2,0,0,147435.10096770583,1
07696ab4-d2a8-414a-a886-8dc70141793d,29,Male,2,29140.184063470882,1,1,0,92389.9860722557,0
94dc8f29-2652-4503-83cf-59203f411ba2,30,Female,3,137807.151328465,2,1,0,75480.80196213146,0
498eb455-5386-40d2-bd68-9f918256fa27,39,Female,4,153921.88951031445,3,1,1,37290.31684651546,1
9e00de02-8df9-4d24-a225-7d6f7a6bcd56,51,Female,7,124280.01679535647,3,1,1,102731.12508149023,0
4b18243d-40d0-476b-bad5-ca56ecae4287,27,Female,7,200469.54879950435,1,1,0,74864.63911091135,0
300f2e69-93eb-48bd-a7e8-739834f27ac0,68,Female,4,85942.11807541571,1,1,1,136269.1829785867,0
4708d66c-ccac-41f4-bb44-01949988c748,59,Female,4,68961.2646301597,3,1,1,72362.24473861554,0
c6617b37-d68d-4237-ae56-a3da6cee4345,29,Male,5,201024.76886958876,3,1,0,10869.560133922558,1
5746ce12-0def-48ea-8762-557175cbbc8a,28,Female,8,220718.9914379965,3,0,1,44696.03402155698,1
e759a283-1d3c-4fab-be68-0c50ab3bca56,49,Male,1,56815.07246835677,2,0,1,95718.67968521485,1
082a5277-b5fc-4b57-8b82-04dd7e12cf47,52,Female,2,48237.803722467164,2,0,0,15667.421747846136,0
48f1fa7b-fb75-4b80-8d80-f491292d3049,48,Male,9,177649.5202692775,3,1,1,65587.83399391439,0
4093113d-3cf2-4b06-99de-3ab12ae09a9a,49,Male,4,249154.943343471,1,1,0,49795.28612167087,1
437203eb-7a94-43eb-9e3b-dacbd69901e3,51,Male,1,8314.70215195565,1,1,0,114799.65611247283,1
42b3f8ba-5d26-4fc8-96de-f993f9010d28,25,Male,0,59448.95570847117,3,0,0,68584.43959291262,0
a357ec2c-80a8-4f19-ac8a-0a66ddbc560a,62,Female,3,7502.266066442304,2,1,0,74535.00874192621,0
14e6bc2d-08f5-4512-b7b6-e850fd435a95,66,Female,9,154176.5574820071,2,0,0,47603.94974770286,0
f590a904-1658-4bec-8fa4-ba392a9e5d01,64,Female,4,139294.30700442067,3,0,1,70230.99013645943,0
2fdc9eb5-6d61-421a-93f5-d45279946230,44,Female,7,63946.69616834717,1,1,1,49386.168058349285,0
44e9fecb-836f-479c-a8dd-f1f35e714f97,40,Male,7,24519.761958067487,1,0,1,134079.79641623874,0
c397740c-dc9b-4f1e-bc99-04553169c470,35,Male,7,85441.65039254351,1,0,0,47789.727133538014,1
16349118-a4a8-41a2-a637-b37870a411da,38,Female,5,210616.34176542287,3,1,0,106776.23529252135,0
5a1f6d03-27d2-459f-8339-cd7dc7955488,49,Male,8,185194.07951058136,3,0,0,102986.31078837276,0
5c8dc64a-bfde-41b7-94e0-77f688dd66aa,37,Male,5,215723.54183393464,3,0,1,113946.15748502211,1
1691e3f9-3eb1-4573-a173-cac704a2348b,57,Female,7,117243.72159228378,3,1,1,66503.11244478874,1
e8cc8537-b31e-468e-8417-6842edf45d70,31,Male,6,136632.05285351526,1,1,0,92152.26976985841,0
87853453-a1fa-41a8-962f-f41da7a8d4ec,20,Male,0,150557.76210079467,3,0,0,50752.47032982647,0
3a3f7e5e-de81-4ea2-aaac-e1e1e8d2752d,25,Female,4,249657.2379710308,3,1,1,140137.533866811,1
487776bb-c78a-4274-a5bf-4396cfa967c7,46,Male,8,202863.28304624752,2,1,1,100071.47476060846,0
93230c2d-4858-4ce2-aa4f-095ba0ff53e6,56,Female,4,124122.29672781883,3,1,1,110630.4813227509,0
32edd956-c8f0-4f30-8dbe-f751d3ec2830,37,Female,0,213315.81113279634,3,0,1,148007.77510874136,0
77550b1e-2bf3-4cd0-ae40-2016639e9992,22,Female,9,110590.23132898253,1,1,0,114285.98230592324,0
bcab2b12-4df0-4d83-8f82-111c3323d84d,59,Female,4,29322.531715470945,2,0,0,67714.68720968126,0
1f05f311-8c44-4c0f-97e7-41461cbcdf9e,51,Male,9,73091.23658984601,2,0,1,95333.25896073057,0
62f86789-200a-4502-a65e-e0c94f5d99fe,53,Female,9,213932.5385731767,1,0,0,63795.80228489188,1
71a1416d-5faa-472c-80bd-415861ed85cd,56,Male,6,136042.4110196888,2,0,0,67928.22148016287,0
cd279121-2e85-4043-9567-15674f5f55f7,43,Male,7,51878.01874238707,3,0,1,62415.580680356856,0
2143c2b3-0e48-460a-ac0d-c5b743ff8cd3,65,Female,8,52453.83127524958,1,1,0,52943.3796696025,1
73c8c44b-a993-4977-9da4-3d75d0ad72af,48,Male,0,225275.7318683738,1,0,1,68898.7668565066,0
6b7bdf21-01e2-4f3c-aee1-dc3d42493bcc,38,Female,6,208158.15402467654,2,0,0,100324.28859981966,0
6ad930a7-9449-47ee-b0c3-2e4851fb2405,63,Female,3,58892.193946854684,1,1,1,60442.256370862364,0
34077da2-1079-46bc-bbbb-c2bc362eb203,43,Female,6,113663.7958919775,1,0,0,132062.60002117706,0
460880b0-e14a-4b5c-aadf-e4615176cafe,30,Male,2,117872.86290401813,1,1,0,107312.77231694537,1
03ed3803-db58-43d0-91c9-4e19d3abf2e0,67,Female,0,67085.28898518656,2,1,0,87758.88276153119,1
f181057b-4f15-493e-91c4-41d9111dcb35,41,Male,9,3072.852612746285,3,1,0,134168.99383210213,0
36b2c3b5-6f93-4f24-9dfc-b0eabe443565,55,Male,2,178167.40316516024,2,1,1,89613.98782236634,0
f7c7825b-021a-4e32-8a6b-0fcd1252d57f,32,Male,3,196695.16301047572,2,0,1,130600.98733535662,0
1f14a611-46cc-4f71-8d5c-66536e7ac713,24,Male,4,181469.96516671096,1,0,1,100779.44400618538,1
3d264250-e5ab-4d4b-8c65-bed56a650482,50,Male,7,33442.198545974854,1,1,1,82478.09016691997,0
803192c8-8f44-4f52-b4af-84f6a49f7d96,27,Female,2,39524.0649418287,2,1,1,102043.99356385278,1
7677041b-94dd-40ad-b10d-d466f595131b,59,Male,7,89672.1801894676,2,1,1,126518.12085549845,0
1325e057-f36c-4bf5-8bc8-b91df0fa7037,28,Male,2,28703.704566155426,1,1,0,126292.56219628884,0
aa3740ca-88a2-4d36-ab31-23c99f6421af,64,Female,7,48744.79846171087,2,0,1,92264.97536657433,0
49fa8aeb-b602-4aa7-bf8d-a1228ddfdb12,56,Male,5,39787.90025283563,3,0,0,75875.96891717352,0
582f8a77-7d4b-4d27-a958-d6fdd750b216,29,Female,4,116755.03659458141,3,1,0,15661.799973608517,0
47d47e49-d3cf-47f3-bfbe-0accbfb6a050,40,Female,4,212417.8523453592,2,1,1,131558.2779261713,0
b073505f-4417-4801-9d73-f633f39796e4,31,Male,9,242888.24669416805,3,0,1,63272.889189941976,1
5be76413-4258-456a-a81a-70264b4e3bbd,36,Male,8,107119.8686337874,3,1,1,32263.376867513773,0
32f4b553-9eb8-49f3-9e94-1c635d5efc0c,30,Female,8,225066.92411551962,3,1,0,145574.9244048211,0
0a2e06b4-a515-4f88-b0b2-072469794dad,23,Male,4,124623.80886205418,1,1,1,122037.06145889175,0
4d87d26e-7441-4d3e-acb3-07f5c5255445,44,Female,8,103527.36666494474,2,1,1,100637.79554719916,0
b8829d9b-1cf7-486a-8c08-7037e2883cb8,51,Female,0,79026.58961974693,3,0,0,122503.5099980326,0
b3dd7bb3-acb2-479b-8113-f8509fc3e0ea,25,Female,9,179914.38395773235,1,0,0,143892.32818647008,0
d3e87f0e-c3e1-40d8-9c7d-1ba5302fc121,34,Female,5,190789.80782624238,3,0,1,14054.09387730143,0
8a864136-9af1-4f5e-8ed0-2bda21362d03,27,Female,6,204738.90490413862,3,1,1,54474.01961370157,1
7afb4821-9e56-4bdd-928b-3c3035cd94ad,32,Male,8,89707.58621349942,1,1,0,137146.7514240567,0
06185bea-770d-428a-a78e-a6aa699a5df4,32,Female,3,110900.90551110501,2,0,1,70043.12284768795,1
09b520dc-c645-4532-8ae6-550baafd29fe,57,Female,2,173938.9034197594,2,0,0,69737.84790340441,0
bab78741-0136-4062-a841-dee6cc772e78,44,Female,9,211967.3473509758,1,0,1,112724.85667773646,0
d6523ccd-43df-42ac-8141-50b746640ecc,67,Male,3,161668.61626403834,3,1,1,67270.02477012239,1
e554403d-b238-4725-a505-d9c9c037bc15,48,Male,0,236449.36597604098,3,1,0,144690.25651456625,0
70b94147-0512-4adc-8221-b52fb5c09d14,54,Male,7,97617.20205711943,1,0,0,93403.4429433934,1
16d39bd2-e512-4186-8026-5e43d83d5217,55,Female,6,193292.8111143308,2,0,0,108903.69436457117,0
8bedc1dc-70ab-48b7-95e9-536f14809545,65,Female,2,123723.17377736453,1,0,1,58623.72792938253,1
d60384aa-daf7-4807-af9a-19b857e5f073,34,Male,3,90067.00661457248,3,0,0,33037.36572333134,0
8c268d24-1d18-429b-9579-4a6d5acdccc8,27,Male,0,29666.686645984235,2,0,0,33100.31597390697,0
ab851251-cba7-4553-82f5-309f17853baa,46,Male,6,61414.23081092357,2,0,0,131016.12728868188,0
367563b6-bf1c-4c7e-b077-f63495416a45,56,Male,8,2867.186574885522,1,0,1,50954.622913561,1
eccc19e8-9abb-4de1-b37d-d06611f319ef,60,Female,5,201107.8373388887,1,0,0,79231.75437667228,0
93e60905-1f57-4cae-b88f-aba94677c12e,55,Male,4,54736.127490316925,1,1,0,123511.06824986756,0
0e28fa59-b76b-4fe0-bd46-17d63ebd349a,22,Female,5,188653.6720554516,2,1,0,35429.87083356462,0
c2c89550-633e-48cd-8974-80ce7979f157,42,Female,3,101930.20785778815,3,1,1,40304.12969299441,0
a99b0d35-ecf7-4b99-b68e-b2eefaac7d8d,57,Female,5,177368.6602312919,1,0,0,23323.526630253422,0
44eb65ad-5aa0-4138-a31e-4327866b3544,43,Male,7,107489.98950238,3,1,0,85297.34062273546,1
a003d6c7-92d3-4f57-ae52-e7504e5ec85a,21,Female,5,153404.04607362652,2,1,0,61286.18412125093,0
ebb7e79a-44bc-4715-8b0b-df4c826f0b35,24,Male,7,166217.503187353,3,1,0,149111.8591880696,0
fb66880e-9e40-42fc-a84c-556155fe8a69,54,Male,0,194469.4491991752,2,0,0,64573.205405415116,0
1b787a6f-51ee-4855-aca2-c4acc9ccc40b,47,Male,3,135793.59482934437,1,0,1,123270.76337072719,0
c53f76d7-a42e-4a43-ba84-1a8084762547,31,Female,7,183119.2852737154,3,0,1,75586.85866062136,0
f8737706-4e31-4329-b5d3-02b8cf694f32,46,Male,2,105126.81915094133,2,1,0,85919.97503863947,0
d8c7626a-07e0-4e99-9432-76ec21b4ff99,69,Male,0,225691.36983520153,1,0,1,133116.8627150167,0
96682e9c-fd4f-445c-b912-c2bc1c602bf2,50,Male,1,54853.43334170975,3,0,0,24768.849121800784,0
9ab2ed62-b1de-4a99-b463-b2ec7adf7e90,35,Female,2,155798.94684831024,3,0,1,105615.06700541422,0
efb41d49-40a0-4306-85a0-9c41d9d1eb22,41,Male,5,70631.7942385374,3,1,1,72816.11744239615,1
56f50c36-3543-4936-bd9e-5748d4f70f41,25,Female,0,61351.323297593466,1,1,0,28695.310770925076,0
14e51439-6d73-48fa-8258-d37f343a1b79,68,Male,5,33184.51541933054,1,1,1,123726.13197529217,1
717567d7-2e76-487d-844a-0c64c3aee491,49,Male,2,16721.453726379008,2,1,1,106414.05473646958,0
b888026d-0c18-4dcf-921f-11de5877a910,46,Female,1,51288.226566701844,1,0,0,33165.59052855159,0
11ec1df3-e348-49d2-8aad-219f2b04c963,21,Male,3,223817.6705685603,2,1,0,103914.87157881496,0
b5361181-e2e2-4bd0-be6c-cd37cb9d38f5,23,Female,0,63387.215661826565,3,0,1,24690.38385956614,0
65588ffd-3ad4-433a-bf8a-69afb6b3117b,61,Female,8,128893.64295141492,2,1,0,116782.47386274482,1
78be66cc-e407-47ed-b14d-e3b8cbb262bb,37,Female,1,218791.7894962681,1,0,0,11365.252760533522,0
2af92949-da36-477e-b828-07bfa29f5fcb,42,Female,5,31750.094279153735,2,0,0,15071.109899975792,1
4970e605-09ca-4f72-ac00-de0a8a2acc55,40,Male,2,96319.27212120462,3,1,0,78594.19567326954,0
cc331e72-1983-42f3-8c04-d1c952c59b6a,61,Female,5,246418.3711580242,3,0,0,38408.23065731887,0
f05f6201-1b35-47b9-ab54-8d08500958bf,69,Female,2,96188.09523511157,2,1,0,112108.12935186352,0
35a42e18-d4a6-449a-a1c5-b7ff4a3686a4,22,Female,9,144040.75405395092,3,0,0,56552.23423051764,0
ee0683a6-d83e-4660-bd4c-9206737909e5,20,Male,3,157591.72472524704,2,0,0,106134.71574347031,0
4c8dd125-a992-4483-8f25-1f60423d5ae8,44,Female,7,28117.015937390715,3,1,0,86877.12848829362,0
77274160-4e52-487e-8492-c85861febedd,48,Female,8,52005.990647719824,3,1,1,61038.02449516469,0
ec4309b9-7259-416d-86a0-efa5cfc8c9d2,35,Male,2,19835.231723755507,2,1,0,14595.974448670457,0
873a3f78-7987-463c-8f6a-4ab51fe8bb38,68,Male,2,180766.43975445,2,1,1,104030.71852799346,0
e643ed5a-bdaf-431d-8527-5ca94b3ad3dd,45,Female,1,85006.85913110174,2,0,0,99667.31566327212,0
49fc52f7-33ec-4b89-a0d2-a15afd576709,55,Female,5,110183.97389532528,3,0,0,54893.69558291549,0
9dff747d-f9a7-477d-8ad2-c27374d27324,36,Male,5,85727.45400575383,3,0,0,129639.46840560799,1
777316be-88ac-453a-99fe-b77f9eeb53d5,24,Female,0,34750.26428402567,1,1,0,141195.03311993714,0
7ce2ff23-ea73-4450-8bcd-0d8b1c0f1ebb,61,Male,9,69012.88991684001,1,0,0,62385.298054296,0
788a056a-8539-47e4-8c8f-30217d9fce56,63,Male,5,178907.2747657226,2,0,1,16542.973847094225,0
ae69b49e-f183-40f1-8428-6d545117844a,58,Female,1,122160.31756325194,2,0,1,12384.830041970947,0
7dee6c20-dd84-4e7b-83c8-ec43c58853fe,54,Male,5,85805.11919130776,3,0,1,90377.13384488322,0
c32c3925-6fd1-43d3-b9b9-771775a37401,19,Female,8,208408.68195933368,1,1,1,101694.46425867407,0
685643aa-7fc7-433c-a83d-e40f6a129882,49,Female,6,202642.58100715413,3,0,1,77770.44030341899,1
beff5218-f8c5-4a56-9632-e73e5d0004cb,59,Female,3,29819.48970718995,2,0,1,97675.26808957668,0
65fd2d2f-7ce4-4ab8-a0fa-4712dea41a20,27,Male,4,244183.6829886829,3,1,0,13288.25631408722,1
ba5d0e67-315e-44e7-81e5-134bc866ebab,27,Female,6,83841.22091060184,2,0,0,27963.452012061705,0
1e64fe40-8454-4238-8bf8-97e451234c9c,27,Male,9,85117.45961597284,2,0,0,25319.388506608997,0
3005205c-202e-4447-9614-6e192470bc87,50,Female,0,45385.53849008028,3,0,0,103812.21689504446,0
414924c7-0b83-442f-a7f6-13b5ec44b968,69,Male,7,24823.69601444964,3,1,0,127184.84789462171,0
16d80cdf-f586-4cb6-a7fd-7760b9cfd5c4,36,Female,3,77829.38237318276,3,1,0,61182.380437087464,1
24a55e47-1d0b-426d-a08a-c5b4732a8c8a,27,Female,2,205943.8043568831,3,1,1,113437.0513934448,0
54db3ba0-5983-4270-9829-a1a044717beb,26,Female,3,48953.970324135895,2,0,1,14559.556979985784,1
39a85fc5-6bbf-456d-9f17-c1eaed8735d1,69,Male,3,235215.16610596498,2,0,0,55802.314311184935,0
c60ccdf1-490b-4ec7-aeff-fc85458e50d0,63,Female,4,100023.21705091133,3,0,1,123350.1715530972,0
e1e0905f-f3f3-480a-956c-d0563c4f5e70,69,Male,5,244023.62727305724,3,0,0,107621.69127844034,1
cc32029c-2939-4aeb-9474-bc1a6f68d18d,24,Female,4,53618.48924551057,1,0,0,99646.83795907852,1
ba8751af-92ae-475c-84ba-59125d8f0755,57,Male,2,109880.77559238777,3,0,0,97532.96026196107,0
03d68d76-1d6e-4450-8268-2da0bc7321e5,58,Female,2,218206.75120855827,3,1,0,32939.249082634415,1
66f40b0b-eaf6-4913-9e37-9f53c30617c0,18,Male,3,105595.66300686743,2,1,0,41150.42900648972,1
b54508c8-146b-4d00-8e9a-da9a29d8d7b2,46,Female,8,245200.64667150698,1,0,0,143499.64940661195,1
6e7261ce-1953-4cdb-a3a8-03fcad1cc6c7,48,Female,3,34752.428561854955,1,1,1,116310.65333836286,0
36a99fa8-54aa-4294-9d7c-a0732a9e4d64,45,Female,7,208864.8868395022,2,0,1,42474.45061436648,0
5e66ebf5-af8e-488c-90f0-4237660a3a32,23,Male,1,158684.27126299607,1,0,1,14453.883825915393,0
ed7dfbf7-950c-4e23-9b00-ac0a1f879c1b,19,Female,3,81897.38875524033,2,1,1,80704.85416379933,1
cc538a3c-6d41-4f16-9fa7-01820472dcfe,68,Female,8,94030.63833464518,3,1,1,86129.42329321426,0
d81c32ad-bf72-4de4-bbe6-a7c8c4c86f9d,19,Female,4,65477.6726051097,2,0,1,142689.84230482124,0
b7688bc3-ea30-4eb6-bdb4-7590b6b490c2,25,Male,4,70663.43491833516,1,0,0,41051.16510393846,0
7037da55-a1fc-458d-a436-2671c086dea2,66,Male,4,207433.47407482553,2,1,1,74884.2357880284,0
4fad4619-d7f7-4d79-aae5-535e973c30fa,39,Male,7,199394.84256701657,3,0,1,49762.27369856073,0
0e81b515-c86c-410b-9607-ec45bf05414e,43,Male,7,137785.6999137236,1,0,0,141998.3381749516,0
4a15aefe-79ad-40cd-af99-083a65a9f704,32,Female,0,205271.7166707331,3,1,1,18370.601052607555,0
afa3d20e-9afe-458c-9c23-6519f4c82775,39,Female,2,42132.414781481886,3,0,0,37959.21123671789,0
a931e92f-ba2d-409a-92e1-34a5238195d7,24,Female,8,201909.7605807112,2,0,0,38295.75659827633,1
335003f3-4765-48f6-a6a7-ad571569c75d,32,Male,8,197078.0522586778,2,0,1,34810.3043308201,0
f26dc18d-0e38-401d-81c1-050cc1d32650,58,Female,0,147634.7848208197,2,1,1,21526.985678820798,0
79f11660-94d0-4b8a-ad2a-96610dd375e6,57,Male,1,221778.84850059747,3,1,0,11981.094847172517,0
91a13ec5-0086-4fc5-8ed2-b7ff2c3abc6d,21,Male,5,12439.284395547646,3,1,1,122607.00065126471,0
09c07d57-96d1-454f-8119-3c97096927cc,64,Female,4,32578.802741650175,3,0,1,90869.84028509102,1
62c8dc75-f251-4ab0-a232-0688ee939dc0,57,Male,0,172342.50274973857,1,0,1,73483.72824360112,0
662bf600-d394-429d-be8f-8adf362e578c,18,Male,3,33363.9822682828,2,1,0,84931.60217642006,1
d3d68ffc-8abb-4d18-8284-3aff1cc400be,22,Male,1,75304.59664710326,2,0,0,13221.208318501911,0
fb19f7e3-7990-4d80-96df-5ed8f2adce59,54,Female,6,92768.41928157845,3,1,1,26401.802553344834,0
25bd7dc7-50fc-40f4-af0a-85fb50a2d351,43,Male,3,182335.53082920017,1,1,0,106767.67693047621,0
359ea8f1-c80d-430b-b916-5b9eb87a2a68,34,Female,7,207348.43525953533,2,1,0,59791.99895511976,0
aa089345-40e7-4fdf-a272-e2acbb8219c0,68,Female,0,73185.32360471036,3,0,1,115590.28979421385,0
a4b3624e-fb7f-4bd9-be4f-6e7433d26efc,38,Male,1,231388.5940701429,3,1,0,40130.64710656095,0
1427db0a-fe89-4007-bf17-0c505d694296,40,Female,8,133423.6026072631,3,1,1,121792.45828177473,0
698ba88a-d428-4994-aa03-af371c591d7d,40,Male,3,74181.61690770481,3,0,0,39498.824961945626,0
606f3101-f7c7-4ff2-abc6-88e46e74e228,41,Female,5,16773.494048946264,2,1,0,18257.998293202058,1
5af0a984-fe78-40ad-929d-1f2e35e1bebd,19,Female,0,64775.40357451328,1,0,1,68507.26285156349,0
a4dfb0df-3527-4dd8-9911-a05c7f99dde4,46,Male,6,204673.63553251768,2,0,1,27437.705252102263,0
5192e6cf-49c5-463b-a35a-aeedc706d7bd,36,Male,5,227048.9620243675,3,1,1,31915.37504066047,1
aa6c681f-ae57-43e2-8c95-5968101e8d62,25,Male,1,86305.66998449026,2,0,0,50751.57178498639,0
d43ebbad-01a7-4281-b6a7-00efc0b886b0,28,Male,6,111031.5043643339,3,0,0,124065.45532352525,1
515ace0d-8e02-41ab-a309-0db312010b10,52,Female,8,232883.81748570848,1,0,0,131894.36938055075,0
02fac93d-ac9b-4f06-8ee3-0133c9bb2db2,35,Female,8,68727.38525321975,2,0,1,29722.501114071725,0
994ea85a-7b03-4a7c-9ffd-390d7cda22c3,64,Female,7,73564.09293245836,2,0,0,115029.68888562992,0
0f00e5d9-d69d-4cc8-8fd0-a7bb72d2097c,49,Female,3,11884.192170034696,3,0,1,91178.82388663609,0
054e9dea-1933-40a8-bb8f-828020ba6c24,23,Male,7,81233.77192433037,2,0,1,88688.21555767268,0
f3c45d3d-adf2-4e01-8463-f669f060bd48,55,Male,5,158060.7723195855,3,0,0,100913.5482148548,0
a01d579f-1406-4d1b-b1a8-3f2d4723cb9d,31,Female,2,162779.74656373044,3,0,1,11674.116509769996,0
b29de753-030f-47b4-8364-60be190869aa,36,Female,8,219419.36916222703,3,1,0,99638.45460047718,1
451ba3d8-b218-42f4-b77b-b00a372dcb9a,60,Female,0,212957.07420761985,1,1,0,92002.41863869653,0
8c08001c-904d-4eda-81c9-cf7dbbb5dbf5,36,Female,5,220705.19792606565,1,0,0,12940.582348331389,0
e206ece7-6ea6-4bdc-9e9b-82a26caf98db,21,Male,8,249702.84342302702,2,0,1,126132.35792970676,0
1e06159a-fa9b-41e0-ae2c-3c466a0864bf,29,Male,5,200022.3212534336,1,0,0,140320.02372489416,0
17b68b08-327d-4d8d-ba32-c86850628b63,29,Male,6,1053.9432483547273,2,0,1,60175.315987468945,1
20948a61-3d55-4ec4-9168-46f3d0a08621,46,Male,1,110750.52443916933,1,1,1,37309.762133679884,0
f28fd911-9b86-469b-a56c-321432ed321b,43,Female,0,227938.67598241582,1,0,1,55558.615615972434,0
f559c9b4-2079-47ad-8100-757d35f42a65,57,Female,2,231107.09353811337,3,0,1,58442.7951551852,0
344c646d-321d-4bd4-b646-8b1b836ebd37,49,Male,1,173921.04057095043,1,1,1,87017.4773534613,0
c1568c10-c74c-4ee6-a4db-a6094db4df4f,54,Male,6,109365.19714963033,2,1,1,40056.07881452744,0
052f6f24-c7e1-4faa-acaa-172573f0a5c9,27,Male,1,201749.5492419881,1,1,0,15628.405999054517,0
8e27ea66-5eb4-4197-a9ae-7ced845b21fc,64,Male,7,242231.16563041566,3,0,1,58910.455921559755,0
56e665b3-cca5-431b-a146-1596f861e178,38,Female,7,85413.87908854106,2,0,1,87723.3659596411,0
38b313c7-8b06-406b-aa74-1933a3754d44,62,Male,7,240802.05902618347,2,0,1,35254.18432991496,0
54355c70-01ba-4f81-bb01-c878b76cb32c,40,Female,3,14432.270623589122,1,0,0,134835.50556012214,0
88135a03-7c97-4176-984a-e0e390d24757,23,Female,8,16642.822419772747,2,1,1,43982.44913604959,0
5e6b53bb-e152-4ac7-94c6-bb5ea3c8883e,22,Male,2,69997.30930337716,3,1,1,26177.284526770185,0
e1aa4015-9d0e-4f36-8a65-24b823cf795a,52,Male,7,1191.1615110905273,1,1,1,145224.54003771025,0
0815b197-932a-4157-ae6e-ceb12131da3a,48,Female,6,42502.88770366006,3,0,0,137816.73038126522,1
6b4aa14e-dccd-4656-b322-ac7a616574e6,44,Male,4,116799.05927982912,1,1,1,42990.599457252894,0
78d24627-15eb-429c-a894-87346c8259d2,25,Male,3,192879.84994074775,3,0,0,134360.9263070359,0
a320a94d-dfc6-43f4-aa92-bcc411c170af,40,Female,8,195329.01198621347,3,1,0,54136.26681240942,1
0dcf68c2-f63f-4b74-b67f-72c55916a7f2,23,Female,5,218427.0173995198,3,1,0,13257.792608609583,1
ecf6f3aa-62b8-4f90-8b3d-a552fd5b1c1e,55,Male,7,154499.19207285222,3,0,0,130693.5968375688,0
e0b389b4-2217-431b-9b94-53740b409ff3,67,Male,0,224368.07003906267,2,0,1,102274.80630585812,1
74a8d460-6942-4e21-8f87-1b0a833cee41,35,Male,3,3819.712306213613,2,0,0,57094.06814765569,0
0be9543f-96e3-4ed8-a1b6-1400f7847bc7,30,Female,7,172208.39553975777,3,0,1,60005.09014220327,0
ebbae8d2-68e9-4dba-b834-ff5a446accc5,64,Male,5,237815.52938354743,2,1,0,136695.19085774093,1
822b05cf-1022-4225-800a-063755fc83e8,47,Male,8,241141.92772493247,1,1,1,112979.24791461781,0
99188f03-ad4a-4033-b018-8bef0f3f4026,42,Female,4,76951.30841400067,3,1,1,27117.654183571984,0
1d4b4571-59a3-41e3-aa38-88f9c3ba3add,55,Male,2,165042.56212349562,2,1,0,43295.000432844674,0
d9055ee0-74c5-4c34-ac89-740d4f8a2ede,23,Male,3,1961.3515811074124,2,1,1,14063.52951633255,0
9b4d5493-34d3-43e6-90c0-ab357c11c38c,46,Female,3,211687.90928975446,1,0,0,149722.45057637824,1
4071686b-e07e-4ce6-b312-e08e71036627,55,Male,6,116571.64500529235,2,0,0,116636.00895088173,0
464fe59a-df76-42c1-9337-9893b0cb0983,50,Male,5,203764.52574455485,3,0,1,99667.01788155088,0
c6a5c5d6-7b63-41df-9b6d-0db3d2ec5180,25,Female,0,32781.830060278044,3,0,1,81801.76349249441,0
0220b5b5-5c9c-4b1f-a1bb-e4a87449dfee,55,Male,3,66565.67212540521,1,0,1,94478.76996335371,0
6f0064ea-6bd5-41b6-bfc5-4de800a38252,66,Female,1,82298.21194744718,2,1,1,46170.8177610134,1
0fd877f1-99d2-4e51-9f5a-9387a6c133ff,63,Female,2,208034.36074696615,2,0,1,51015.72241374908,0
38fc0011-04b6-4ce1-8862-84c69151fbd3,19,Male,1,58546.377726041734,2,0,1,114228.95275994093,0
b3dfeb3b-34ac-4d8f-abfe-d1dd24fcc011,27,Female,8,155795.20913615637,2,1,1,38100.52069346191,0
f63fd604-b3a7-4395-b825-1e48a16a042b,63,Male,3,129214.88088815505,1,0,1,133639.34560416592,0
0e43d89e-3475-42ed-8cdd-9871fe9cd549,21,Female,0,76416.54304408988,1,1,0,84042.74657096357,0
50530872-cea7-4745-9b22-b85583a34d06,20,Female,3,10535.828145813164,3,0,0,74547.08448380593,0
e6bbece9-b5d8-47eb-8d6b-e1849ad361c7,51,Female,0,70536.1380450697,2,0,1,60403.72631572702,0
b3505ed3-b36f-4187-b2f6-44703f0c94d6,67,Female,4,219212.6547163002,3,1,1,130982.22158290386,0
a014176c-d7cc-41ac-bff2-327ada0b13aa,24,Female,6,18911.99021450088,1,0,1,138496.0649106436,0
bc563db0-b8ee-4a0c-9b1c-32518bc38a51,19,Female,0,206133.22986839438,2,0,1,59746.37398768214,0
05b39cb9-fca1-49d9-aa57-b773f65e9e9b,64,Male,4,129603.67155408564,2,0,0,145563.7629140014,0
93243fa1-13bb-4ea0-8a08-c63d5d01369e,66,Male,2,173622.03504278633,2,1,0,73294.53997457793,0
304a9e02-8b52-4501-8b02-c14eb786097a,58,Female,8,106668.20192700389,3,1,1,130482.7492640619,0
a5e22b33-12b2-4afd-9c9b-598e9f5864fc,62,Male,4,166299.01986671632,2,1,0,79229.50631137808,0
4dadbd68-e1ef-44fe-a72f-bd38a4d6bd67,37,Male,9,101085.85206276969,2,0,0,114995.97777913856,1
7a18ae06-89db-4e2b-a6a5-ab2a5d2f7134,45,Male,9,25297.10330354237,2,1,1,136501.5603865703,0
306a2695-211f-473c-b700-9c89906ba467,21,Female,0,201194.21852192015,1,1,0,99336.36930172004,0
35012025-bec8-4d4a-b2d8-2c7861e836be,23,Female,5,136301.17875528356,2,0,1,33395.98056578684,0
7f2ab188-b3a9-4d6f-af40-04267205cc26,62,Female,9,59995.93387242677,2,0,0,118403.83608896063,0
b77d6728-cb95-425b-9fe2-c0d80d878053,22,Female,5,130617.81998884323,2,0,0,132402.79470387677,0
b21393d2-ca17-4b59-b5b6-652556ec8f44,65,Female,2,228299.65652870567,2,0,0,78012.75548786724,0
38535937-cb43-4d5c-9a3d-73cbe2a63f86,45,Female,8,3359.532279036237,3,0,1,49032.50752967235,0
8c72b66c-153a-442e-8ab9-d2752d62bbd2,58,Male,0,167940.64940087986,2,1,1,102661.07808701525,0
ceed33c7-d157-4152-bac3-d95d864a944f,20,Male,2,213480.1925606488,1,0,1,61233.75520037108,0
908dd967-7016-4c59-9479-3b18eaba6ec5,64,Male,4,112658.87180498969,3,0,1,24566.665898373347,0
fafd4a9a-0e23-44bf-af31-6a1243a9fcbc,56,Male,6,84506.82810141139,1,1,1,108270.69942165943,1
0a2e4cd4-2fbe-4f00-9768-1b7b6fcd4561,62,Female,8,54959.46120826348,3,0,0,79599.83128213267,0
7f612846-54e3-42ab-a258-1d7c22681aa9,27,Female,3,104543.3825700185,3,1,1,99112.21522945439,1
c3561033-fd29-470c-baaf-08905ad4ebf6,40,Male,0,227267.84300276154,3,1,0,16834.736909629883,1
c1c48bb0-e4bd-4327-89e7-fedc059b62da,52,Male,0,139544.4647983132,2,1,1,93707.33957524046,0
819d7f39-d853-40e0-83bd-f6c2e5446103,23,Male,7,40155.52435496062,2,0,0,95338.34811198713,0
8b2aa4e1-9af6-4ab2-a662-6750464a1182,22,Female,8,15071.437711931201,2,1,0,73307.58913142755,1
4a4ffad9-ff56-4ff7-8b7e-d82688dffd64,22,Male,9,150463.16839125444,3,1,1,132072.73821640344,0
fdcd379f-ed7a-4a2f-a521-1f572cebbeb9,66,Male,7,160653.48575921933,2,1,1,16145.823819801175,0
ef9d4733-d204-4b61-8e3e-efb1ab46df85,59,Female,1,234010.88863696388,2,0,0,143396.9333160983,1
7cd83a5f-8d30-4ee0-8459-e64c36956f50,61,Female,4,228630.79049596345,2,1,0,107017.69800945398,0
9510a9d0-2c82-4c39-ab40-265801526e23,27,Male,8,11563.517937117656,1,0,0,30028.598794348054,0
22eeaca6-0766-4497-bd33-c5d650b53628,61,Male,8,102156.37178774945,2,1,0,95202.49135175458,0
4b54b291-6f78-41ba-a565-d64ad6d62a32,46,Female,1,213978.1811475471,2,1,0,18728.94079888744,0
ae94e89c-f15c-4d36-8b34-5112bd301e8e,55,Male,3,142231.4375309147,3,0,1,83149.1162771971,1
5f3a3554-02bc-4f46-b2b9-862b4fe2bf9d,49,Female,9,145501.37649164832,3,1,1,94448.12867665153,0
6dff4660-7586-48a6-a43a-c97ccce2d04f,32,Female,1,41504.26338418575,2,0,0,38334.61336543114,0
147c2f21-560e-479f-943f-e78b600d6479,35,Female,0,144957.4042227498,3,0,0,22358.875334834505,1
cfd41b26-21ea-4153-b988-b9e574b21bb3,54,Female,5,50940.188804103695,2,1,0,87652.82898612708,0
cad9e863-8f50-4f4d-ab2b-32051581c328,27,Male,3,618.9317748797607,3,1,0,36232.86969012045,0
394da85d-bede-49f1-bb46-2e4b27996ed6,18,Female,8,95012.2418844481,2,0,1,56079.64064174639,1
bd22cccf-ef04-4aa0-99ad-d1d7705521b5,56,Female,5,192103.99960849472,2,0,0,49857.07454293208,0
fb0ec682-c33d-41d7-8d60-8748137974ad,45,Female,4,10011.629991845904,1,1,0,27515.645109842742,1
6c5cc024-8b7a-4940-9c36-250247f90629,67,Female,3,45543.180929184666,1,1,1,130006.42665271043,0
78b69a3f-b5aa-45ac-a734-e0b422014407,22,Female,7,205855.05807059282,1,0,0,80749.32636300722,0
09eeedfb-ebd3-4211-b8f8-d54ba0037218,56,Male,5,87027.15269130051,1,1,1,68080.22608162451,1
7db7e6fd-caf5-4cb5-8008-ea1311ef1794,36,Female,1,120260.29147742568,3,1,1,53910.565031602266,0
4b7ad7b3-040a-4444-bf83-f99834d22cb7,48,Male,3,94256.75817250242,3,1,1,27377.788823481176,0
a7101d6e-b3d2-4c30-9a63-68ab83df4f15,34,Male,4,45391.13049539295,2,0,0,86752.29702645796,0
e0a4c65b-acf5-47af-9c38-ce9516e2ffd1,51,Female,1,50036.40136988888,1,1,0,138808.82599335734,0
55dd560a-e437-42b2-9f54-c4ac896f287b,58,Female,2,126993.13205712776,2,0,1,56543.12616851614,0
2a9adc1d-f733-4f8b-8cfe-9d386537314c,42,Male,4,246207.83335006627,1,1,0,136504.48288856092,0
64b9862a-533d-4dbf-91c6-3ccef380584d,61,Male,7,10817.895218937196,1,1,0,57752.29627652134,1
391c8e6c-3b20-41f9-b2f6-46575ed9bb21,46,Female,4,237503.29592844294,1,0,0,49520.5234205489,1
4d8dbcdf-9653-454b-9d97-9432debc741d,41,Female,4,8146.509141142788,3,0,1,122896.22240798004,0
92fe1b41-e95a-4abc-847a-a1ab6ecb4d65,39,Male,8,71443.15422543063,1,1,1,127124.94038611096,0
e295cc21-d451-4262-8acb-a853e3f4abeb,29,Male,7,31938.580839492664,1,1,0,11906.900055590775,0
df30bbfb-aa77-4e57-a48c-cd19f9254390,20,Female,1,92974.0543136736,1,0,0,35124.32370932485,1
151ae32f-bda6-4940-82eb-80488f4eb9c3,34,Male,5,189561.6983446327,1,0,0,23789.374393987026,1
fe3baabd-674e-4197-ad6f-0ca01c875ac8,51,Male,9,231042.93646331623,1,0,1,25409.917025480252,0
baf6de3c-e9fd-4cab-84fa-684a3773bad5,64,Male,0,239528.10901994794,1,0,1,39654.05201949125,0
41191bf1-d65d-4505-a725-9be0889e1dfa,40,Female,6,46220.90855556224,2,0,1,14577.746476640466,0
3b7c8459-5cbe-4d78-82f4-8044ed84d89b,42,Male,2,13681.102226091896,3,0,0,149756.12563762066,0
32b5442f-2881-405f-9896-9b2a4ff5e0dc,26,Female,6,68938.89527912348,1,0,1,143524.39941007335,0
2ab799f6-fdad-4a8b-84cb-9cac8a1ea35d,60,Female,9,191495.7797785029,1,0,1,86634.07761968597,1
249218d4-b4fe-47ee-b5ae-a4c13a0c4bed,64,Female,1,114461.34165850103,1,1,1,66714.27932040689,0
362dee6f-6997-4de7-ab7a-674929f95687,26,Female,1,187972.0121350274,2,1,1,45986.37844931426,0
86fc3afe-e61f-4249-a551-61324ef8656a,38,Female,2,159820.12801484537,2,0,0,14760.299722237147,0
17648d94-d54b-49dc-9d78-8960447ada4a,43,Male,1,125907.71211307011,3,0,0,32236.995936040443,0
a17d3253-010e-49fd-af42-e97f4e1cf2a6,60,Male,3,58199.551609324466,2,1,0,40624.80650625458,0
f50ba8b0-753b-40c9-ad72-2a540c2df02a,44,Male,4,20325.307998808134,2,1,1,107354.49493201301,0
e853d3ca-c592-423a-99cf-1a4a7bee7499,38,Female,8,181532.37158050278,1,1,1,139131.2928955005,0
1188abdc-2d2f-4d9c-bf38-f504b1be8bf8,25,Male,2,146129.2200554973,2,0,0,133014.65978329597,1
5d7716aa-56d3-45a1-8aea-2008b90d40c2,56,Female,1,174659.46115430657,1,1,1,40427.89723055309,0
0726772c-aecc-4697-9d39-0ed7f9638366,38,Male,7,184955.02679074852,3,1,0,87485.27647782268,0
9ead5557-546e-41f3-9311-3f294d5fba06,43,Female,8,168485.34331679074,3,1,1,113917.38103312693,0
b980e541-d26c-4643-9084-3c2821abe3fd,20,Male,8,96522.90241570705,2,0,0,134268.01345971925,0
f9c3c22a-b875-4d74-ba57-b73f624b943b,53,Male,0,97071.5557294062,3,1,0,94949.35816135454,0
3274ac3d-6c89-4251-ad81-e8bf126b95cc,31,Female,1,52550.63054522352,2,0,1,118031.50474767871,0
76b28321-8f4c-477d-9f0c-e85bed51e38d,30,Female,2,220034.623038266,3,1,0,23474.548708217655,0
d9ab6e28-1e13-4178-948c-65a4bf27b410,18,Male,1,232883.3684574927,3,0,1,25656.286406437714,0
f8e48fc1-a7b8-40d2-8630-ad579989fb60,62,Male,0,106209.87645225685,3,1,1,25089.510483663566,0
f0fd9f74-3387-46cc-bec8-041f87b7bfc1,49,Female,0,166649.7576491906,2,1,0,89926.51219967526,0
400a0f92-5b4d-4cc0-9be6-19bef207df07,20,Male,5,68666.4462216778,3,1,1,87002.48301056896,0
621cfa5f-5a23-45d8-8118-487a3a6fded4,62,Male,3,56135.706165548305,1,0,0,142375.0325926821,1
b14b46cf-6e84-4846-9c0a-1b7acc5b27fe,51,Male,0,109502.32327959406,2,0,0,39814.63097954594,0
bcefbbf6-4162-4d82-a8a4-e25f5059d67d,31,Male,4,36715.639758406025,1,1,0,144329.96689656633,0
2d9b925a-1ebc-4399-a9d8-a12836c0a80f,44,Female,5,146053.0482967338,3,1,0,138487.14585947624,0
6155f062-4624-4e07-8629-7767207d63f6,32,Female,4,155535.88753109038,3,1,0,110303.75364348294,1
1d021404-7344-4e26-82e0-0aadd33e3d1e,54,Male,6,92058.26272392276,2,0,1,127972.69559420657,0
29acace7-d28b-43a3-86b6-54f51887568c,67,Male,2,218059.85844530177,1,1,0,143782.34535303057,0
4967ae8c-065a-4a22-8df6-904797aeb3d2,22,Male,2,216925.9068644944,3,0,0,51768.69126803494,0
27802022-539d-4baf-a0e2-026a8e8a9019,31,Male,2,206808.97541786634,2,1,0,123667.78738921972,0
186ab092-4f9e-49e5-a127-ea621f0194ee,42,Female,2,50754.76999418507,3,0,0,104376.21028453839,1
81f37573-4df1-4b40-9420-f790684896bb,54,Male,2,53840.29600881674,1,0,1,141512.32835435844,0
ff6f1dde-150c-45fa-95d5-7766cb0fd45c,68,Male,7,184465.35897514859,2,1,0,43374.756377623184,0
7404a1d7-9dcd-45de-bf99-f535ff621b6d,45,Male,5,90242.06425006065,2,1,0,54501.331343203245,1
9ab47bb1-65b4-40a2-860e-cc1e3568c14a,56,Male,7,99015.84146347214,3,0,1,37036.494931647605,0
1e54467c-a0e8-4f80-934f-ee7db46955bd,30,Female,9,7402.9641522717075,3,0,1,61567.81306565426,0
41975a59-76ff-45f3-a106-e898e13ec015,44,Female,0,28035.0171882576,1,1,0,75467.3068682828,1
8fbd8ee9-7b02-466f-b187-29ef96cd2f71,66,Male,4,127789.17717818377,1,0,1,127009.24182951084,1
d73d01e9-3bdc-4b58-b2bd-58618e9005d1,23,Male,2,213055.29886033043,2,0,1,50443.10642274093,0
715b324b-a8f7-4428-b5f6-327414a99982,27,Female,6,178506.16341208093,3,1,1,132174.70865463268,0
b144a654-7fa8-4638-a18e-32d97b4940a5,56,Male,3,210594.511412824,1,1,1,46263.424167459954,1
bde1a352-71bf-46d3-a6fe-c8c41c84db33,59,Female,7,157955.5227576364,1,0,1,75560.347829048,0
8c8023a7-bbcc-46fd-87bc-05b7f56470db,50,Male,7,14999.410015030218,1,0,0,79846.99339157516,0
56a55c33-920b-4ef1-a800-a482ac36a65a,38,Female,0,115730.33663664084,2,1,1,32044.365799721032,0
f3e66e1c-b45f-4c67-b89c-478f004b8ddb,31,Female,5,66986.15509061514,3,1,0,134448.7913190369,0
fc0d692b-8ca9-4794-a11e-97773067d9f9,51,Male,3,6223.476856155041,3,1,1,120768.80203173822,1
a65244e2-2790-44fc-af92-4dafa2f3e6f2,39,Female,0,36571.19820752555,1,0,1,20719.328302663016,0
648a82fa-34df-4cfa-9464-65d6566bc888,40,Male,4,33034.04010087585,1,1,0,41095.559068952156,0
826d39b8-f6ad-49db-ab09-d7d91b8d289e,44,Male,1,170928.8402276295,2,1,0,132471.7623522059,0
5bd987c1-a1bf-4f6b-b197-87bdac81ba66,62,Male,3,30104.330091401287,2,1,0,106474.26098811795,1
dcc3f465-615a-4554-b684-ac27ea76e6df,44,Male,4,171725.4640011536,2,0,0,128935.6422467079,0
f81acca7-3079-4426-bd4b-febc9e94a891,37,Male,8,207571.54417115953,3,1,1,63117.482155196325,0
f18473d6-3de0-4aa2-bddf-f16dcd070831,32,Male,7,232219.42334803546,1,0,1,54163.54166814218,1
df2366f5-4b73-4f6b-8377-5bf30a506fc9,49,Female,3,150843.25334484185,1,0,1,124736.50908840858,0
55618688-1531-4eb6-ad00-84d42dfddd30,33,Female,1,220104.22014956808,1,1,0,114382.94894241783,0
445f90f4-d872-4d89-9f4c-fe8044365f79,62,Male,3,121924.3585617633,1,1,0,83951.17472369043,0
559c6483-5360-454e-81a9-c68097863c36,28,Male,9,102547.82535035406,3,0,0,27490.733477878774,0
1ea564cc-da59-4ce5-8deb-ea1c598c29fb,60,Female,1,137078.10605989757,1,0,0,55906.51185005129,0
3433f3ba-93c6-4e95-ab58-6d165f38d995,30,Female,4,95404.03761305341,1,1,0,58229.1134500334,0
d1a98c00-6815-41de-97d0-30b641a3ded4,23,Male,0,72509.10932896135,2,1,1,84200.0491551032,1
c125fe68-e579-444d-8b19-eeeddffc6daf,54,Male,2,194896.90933547742,2,0,1,35363.239377946404,0
917058b8-d4a3-4617-8321-fc9b20f0a7d0,57,Female,9,19862.274630725875,1,0,1,128251.90470915976,0
9b0de427-cc50-4695-a84d-a2042738e8d3,21,Female,6,94442.03923722034,1,1,0,59748.777413952215,1
9bdc876d-3f51-46a4-b2fa-e19c56018778,33,Female,4,176421.14550455165,2,0,1,21386.639499328987,0
d1471742-2216-4489-a782-0f19a1690b47,28,Male,5,232783.86498346803,1,1,1,65179.052140920896,0
a74bef23-f399-48fb-b30f-e47435e99b32,38,Male,8,24159.613636551447,1,0,0,66655.15503110946,0
2ccd406f-fa3d-4b61-adf5-bd6abc374e79,56,Female,8,219378.45966337444,1,1,1,145876.8442895328,0
378e4466-796d-4e53-8cfb-625194c89cd0,47,Male,7,136595.92273508792,1,1,0,111831.18301359453,0
249a1be8-84e7-4fdc-9cd4-659fd861f0dd,50,Female,5,47961.49200524591,1,1,0,144967.583793506,0
65993a41-bb08-41b9-9301-69daacc3b94d,64,Female,2,55717.40819074603,3,0,1,111254.05264973026,0
8541d71f-bab8-480f-a478-c1b56af8207f,50,Male,7,136629.94301066347,2,1,1,136691.7992224666,0
412d9406-dc5a-4ace-923f-74a4c1bed2f5,19,Male,5,162206.39324594432,1,1,1,45877.21789956722,0
daebfa8e-ca2d-4bb3-8772-0f12d5602daa,19,Female,1,117919.66038252196,2,0,0,45875.58795573915,0
31626499-5616-4a83-9b55-7464e69750b3,45,Female,0,177917.63678835222,3,0,1,27466.291992684295,0
5f5c8c12-eaf1-4b7b-bccf-698074720313,49,Female,6,127313.19774502303,3,1,0,28129.645052183438,0
2b24be76-0655-4101-8fad-04af088ed704,23,Male,1,191614.14771104843,3,0,0,35228.5401074961,0
6ae5c210-d3af-48cb-9d4c-68ce498806b9,49,Female,7,207812.05735701692,2,1,1,80984.09444438604,0
ad4360dd-e46a-4294-9d19-2e95a20ec7e6,55,Female,6,4897.003294361491,1,1,0,67291.39311421817,0
a774c481-bb0f-4ab0-bf2c-8384571faee8,27,Female,0,39746.04407428578,2,1,1,80238.39965733602,0
325ae724-1af4-49c2-a514-7a1bdf0e280f,63,Female,7,113495.69185414183,2,1,0,84118.9241461189,1
c71512ad-768a-40be-9c73-79c3af5a7212,25,Female,1,20615.00241109254,2,1,1,18657.543714965683,0
9c7782b0-b5bc-4d0a-85df-84836fd76efc,66,Male,4,39815.70538793355,2,1,1,54636.11853111429,0
ba7ca3bd-1774-4183-b71c-2ce9afedb69d,40,Female,2,100046.81186992096,3,0,1,148403.41402081167,0
94d17e48-04e2-46ce-b940-ffd2530cb53a,40,Female,9,125776.70299805574,3,1,1,127928.61737545869,0
949ced43-c223-4c40-b72a-b00c9255772b,60,Female,6,53002.24863091493,3,0,1,95770.39341002153,0
2bab652f-02cf-4ed0-a89f-4299314272de,50,Male,6,246637.47040140914,1,0,0,61489.57878667064,0
92b46a3e-7332-4799-9672-1d81d5fce0ce,19,Female,5,172663.64045923206,1,0,1,120144.43466120547,1
dfecd2fc-a92f-4e9f-aea1-19829ec148d7,55,Male,5,69042.066547983,3,1,1,44599.63411572749,0
b4fc65a3-0e56-4d59-a41c-1920ef39bf3e,23,Female,8,143998.97342236878,1,1,1,37675.121745206685,0
4c671abb-f652-4106-badc-d9e89a313270,51,Female,9,229883.6287916151,3,1,1,59451.83020405644,0
c8dc0116-5362-4ae8-a635-3f3b0c94cce7,33,Female,9,233523.23442845666,2,1,0,147756.77287715027,0
8a6416c9-34e6-4069-a57f-4767239b8852,43,Female,0,224356.7207450878,3,1,0,20748.995501608344,1
820c17ae-fb86-430f-a473-d0170f425d5d,36,Female,8,36249.96729794316,1,1,1,34856.32189497433,0
3368d961-b075-4192-b1aa-3a194e874c3f,27,Female,0,195407.9557046902,3,0,0,73860.32750040984,0
b7292375-3a96-4d89-a3c9-f8536ef7eadc,66,Female,7,243828.54701322055,1,0,1,129511.70893009967,0
d02c7237-80d4-4cd0-85dc-5f76b67d5c77,38,Female,4,108445.64857405004,2,1,0,120901.09829329602,0
31228e2f-8043-49f9-9744-bc2b1163a95b,33,Female,5,167670.5205652069,3,0,0,70053.69068290302,0
63950138-1051-4b4a-b222-a281c9eac242,18,Female,0,213611.81128348963,1,1,0,136531.7814346977,0
d2064925-fc20-4dc1-95c3-18f4a1918b25,53,Male,8,135143.39472774244,2,1,0,93554.2427123827,1
6d19809c-9687-45db-925d-fd77c9ed49bc,19,Male,7,167117.75482784142,2,0,0,143699.21402286357,0
5028259f-66bb-4875-89b8-03fefadf653b,51,Male,4,135906.5384410825,1,1,1,137930.12449563295,1
c57f6f5f-78c7-4d31-b890-c43c7073c2e0,40,Male,8,52907.405777962296,1,1,1,120345.8998933717,0
e43eacf7-50a1-45c1-b6d5-8e09234d615a,42,Female,1,210772.07197473076,2,1,1,49503.833343806575,0
01eb2016-b9d9-4e09-956d-8e64ad80acaa,40,Male,3,11476.430944438454,3,1,1,12695.253231623592,0
96d5f8e3-725c-43c8-9dbe-55dfbc4b9a70,31,Male,8,51890.23310356009,1,0,0,97130.6370236105,0
94da55e3-fbfe-482e-a6dd-10bbfd1cf3bb,65,Male,8,90184.50088693078,2,1,1,46541.91982329693,0
4d59420d-1d39-4491-967a-331853df381d,31,Female,1,91435.78170870939,3,1,0,115043.54927931092,0
fcade0a0-9d02-4cae-ae52-de00695a5509,63,Female,2,40230.84728499657,1,1,0,106604.35646789147,0
601a9c68-7a63-435b-bed5-3663aa9d1224,47,Male,4,234883.894004391,1,1,1,115153.94922536997,1
d3312154-8d65-4fbf-9e5d-f1c241d825ce,49,Female,5,200329.38993928744,3,1,1,108123.1922673311,0
f7ca315a-1929-4486-a946-5f562b77955e,62,Female,9,248870.17486777782,1,1,0,91075.35444935976,0
54349cc5-9285-4f06-8a43-a229776fd5b0,19,Male,0,226213.58160223626,1,1,0,135562.7235763353,0
d9ba195b-c6bd-4aa7-a0d4-2e8e043366dc,35,Male,7,3403.3635548338657,2,1,0,94630.31151819868,0
829b41be-a3e3-4a4e-9003-a6848bcbe43e,58,Female,1,82521.75369487383,2,1,0,106837.1152466552,0
9a58cd14-4275-4117-976f-ac1f8575ff2b,55,Male,9,10155.732541582724,1,0,1,16423.818127627583,0
b0343999-a6f6-4944-bffc-8fdb3f0c1276,67,Female,3,223376.05521975426,3,0,0,107491.09359611907,1
480341c7-77fb-4c67-bd65-9c68f6cc4265,21,Female,4,71940.76219041897,2,0,0,94193.4500776289,1
5e0c80c6-83cd-4372-b4a2-187697793ee7,20,Male,4,161058.4129283713,3,0,0,41456.42801168226,0
aa0e1adf-547e-469d-bc37-c248cc41e05c,53,Female,8,189326.5588766645,3,1,0,121684.20797248125,0
c61fed5f-a1f7-4405-a447-d61eff496de8,54,Male,4,1768.44356231462,3,0,1,54177.89444684479,1
21436405-b909-4b7d-ada5-ffc1a2db84a8,55,Male,4,222713.40845287044,2,1,1,149500.08779801632,0
ff605373-980d-4d2f-be27-3f7da8d05f4b,44,Male,8,209340.80369932915,3,0,0,65392.319768705966,0
e648f4dc-52aa-4931-b6b9-1e43377873bf,65,Male,2,176177.13954379686,2,1,1,99235.30097165548,0
ef395d9e-e3b1-4944-90ae-1613783aca7d,28,Female,0,230601.93797091593,3,1,1,38455.29600582193,0
87b58223-2a19-4049-a437-a38089feb81d,24,Female,6,6192.741564061327,1,1,1,21315.875036278347,0
a54bf52c-6958-4fd6-8d02-9bcb268382c7,39,Male,9,172725.53030439978,3,1,0,27084.11094917295,0
b88fa9ca-eb85-4dad-81a7-93209b4a35c8,30,Male,5,79683.13974911648,1,0,1,119730.92210461196,0
0b6b5a7b-d8b8-48f4-ab1e-74966f9fb763,32,Male,0,162061.6304717346,1,1,0,20025.63996166905,0
93f43074-c9db-46bf-8a89-158708f74b5d,56,Male,1,26901.235011675046,1,0,1,69334.34423659946,0
f95020b6-b54c-4f61-971f-27dc43934293,47,Female,0,161126.08248965806,1,1,0,21347.24472025143,0
d9c62ef1-e01b-4858-a184-f369e05c4fad,26,Female,6,159750.95780390233,3,0,1,17107.9950424618,0
df7611de-fad8-45da-b001-a45ab6427920,24,Male,7,216830.4539954365,2,1,1,12363.415906749204,0
2050e357-555f-49c2-8dfb-19e6fc4c50b9,69,Female,6,91407.27896447554,3,0,0,53949.96344173292,0
8c81efdc-d2bd-4bc8-a7b6-4a27021b5bd6,63,Female,5,219326.17807421283,3,0,0,38577.00998761733,0
dee7086f-9f03-4c4e-8e4f-b5a461555a11,69,Male,5,63240.09679222681,2,1,1,100572.0765876142,0
ac083fac-ca59-43aa-a28d-285c51270b47,21,Male,7,176430.52719023085,2,1,1,108755.28718327876,0
c5b61a63-9e85-4803-8501-ab399549b382,35,Female,2,151692.77367235677,3,0,0,35061.88137290222,0
15df0c3b-fca2-4ac9-b184-6c9ebecf5990,23,Male,5,3906.2074820440384,2,1,1,76028.5782057196,0
776c85c3-1c9d-4003-97ee-58aca4134143,32,Female,3,144740.030609089,1,0,0,93574.2713088295,1
5f1a3377-2c29-4ee0-b714-2e9fa23678eb,65,Female,9,87437.44008994442,3,1,0,74412.37713046026,0
d9c77ff7-98c5-46bb-a006-7cd41b352873,56,Male,3,233495.62884144543,2,1,0,19775.668002971914,0
c00edeb0-64fb-46c6-9f5b-1a7c2b42e186,38,Male,5,172453.58538413973,1,1,0,81374.26368504332,0
01c158d1-7310-45f1-b24c-ed70784283ea,23,Male,4,128628.21345285689,1,1,1,37160.13089864765,0
60c8c315-1257-46f8-8051-ee17fdf42a9c,27,Female,5,143972.79988341205,3,0,1,20779.240265242082,0
5dc8a894-4f75-4147-aef8-42c028babb8e,33,Male,1,111645.03436440606,2,1,0,10282.391497601351,0
381ac971-1d1c-4410-b351-5fe9a310197c,49,Male,4,234846.1123108414,1,0,1,49216.005040956385,0
3e31585e-ae06-4fbf-96cc-42f920d22fd7,50,Male,2,224769.1660088757,3,1,0,30682.613195322596,0
b09cc771-9105-4dbe-a339-7e183b947171,46,Male,3,159271.13523484973,3,0,0,118708.7011830392,0
f14abb9d-1c7b-4478-8793-6c411b58e0bd,46,Male,2,174358.27212035426,1,1,1,62561.16876152251,1
2dbc6b14-82d0-4992-8d6c-ddc7a0940c1e,19,Female,1,55792.855652494116,1,1,1,131676.38745947482,0
3ffeb796-d987-4801-a3be-6f851390640a,20,Male,1,246588.3340597307,2,0,1,89386.7092035629,0
6f1349d1-5293-4426-8252-05a5826804c2,64,Male,9,141135.3839875898,3,1,0,116595.65078307125,0
b56a3b9d-b552-4878-a3f8-3939cf1867b3,37,Female,2,224093.29750798256,2,0,1,131479.3657355602,0
809d4ff8-8d5e-4c79-bfa8-98691ca6cf69,66,Male,5,6330.985957230529,2,1,1,49439.89814163098,1
49806915-4ae9-4635-a233-b31bd31f8ed3,61,Female,3,247293.82460799153,2,1,0,112155.43713513923,0
433ffad8-737c-40f1-8090-aa068c228ff9,30,Female,3,221504.02787560204,2,0,1,134851.9304377379,1
7d9ba5ce-f421-4213-9488-05a775edfbdc,39,Female,5,67516.08841891032,1,1,1,140689.72613509037,0
91248182-9310-4d75-97ca-fb903d9568f3,52,Female,6,119482.21790942948,1,0,0,123858.52511181074,0
af8ff056-d715-4a74-a63e-1ba79b95c0a8,35,Male,3,232525.9974939962,1,0,0,95483.91203345468,0
5cd99e96-60be-406c-af05-bc203c9ff790,38,Male,0,116183.129426683,2,0,0,126159.98669893524,0
b3c9a93a-0018-48c3-b305-70d9849617a9,25,Female,4,86673.73667589948,1,1,1,52171.69215248877,0
99ad270e-3ecb-42cb-a89d-f7f66b651af6,28,Male,6,95952.00968920608,2,1,0,69850.98291686772,0
907e4c6c-1567-498a-8886-adaf1032a0de,27,Male,8,34576.8742968621,1,0,0,116960.95698919354,0
547f77f1-f59f-4f0c-a2f8-492bc7dca2bc,25,Male,2,192385.02190210522,2,1,1,116931.31315966687,0
0f872d69-00d4-4b98-881e-3dc605b483ec,53,Male,6,249384.12650473043,3,1,0,94498.89869541388,0
2dfb5c8f-1681-4b91-af09-38aa290b5e71,27,Female,6,150265.79768413265,1,1,1,29155.656413420405,0
ed2137d4-2af0-4756-be91-3e0899d4ddf9,66,Male,4,164449.26840400673,1,1,0,107116.3052312552,0
5be1ab32-f1e0-42e2-ac54-ce4b6163689a,57,Female,1,129379.1184629722,2,1,0,63708.61533626824,0
87a6237b-a5d0-418b-b22a-85590d7f8219,36,Female,2,216164.49019246068,2,1,1,145391.90729782043,1
3a640641-f650-4f71-a3b7-c6898984109e,38,Male,4,53583.83593331007,1,0,0,115905.5872342942,0
8c3ab51a-ba8c-4516-85c1-2a321e65e401,67,Male,8,21555.803439922027,3,0,1,34977.816643401995,0
55baf0f7-4872-41ce-9547-d4a244fa24d5,22,Male,6,136031.44923943243,1,0,0,122917.79254432846,0
2e4e38a0-2779-4705-ab21-39e63f7c8437,43,Male,3,50842.56016547314,2,0,0,90724.35116043533,1
90504465-4393-4acb-85e0-a3d6fc5a9da4,66,Male,1,27842.362480219846,1,0,1,85020.23037972416,0
30a6cc3a-0462-42a1-9a91-71f2d36bb660,69,Male,5,65887.8395464248,2,1,1,138403.79939006802,0
91143375-a008-493b-981e-a1d36970938f,40,Female,4,863.8410692921317,3,0,1,129196.30021529822,0
73056938-91a4-4379-b2a0-5450c7f84ddb,29,Female,7,217119.56788337952,2,0,1,78059.57976407348,0
814de758-2ed6-47c5-a884-82b6e3a10817,25,Female,6,123219.37551770607,1,0,0,80020.799217293,0
5234b319-bf7a-437b-9e0e-7c9c2033d78d,25,Female,0,102843.3405558448,1,1,0,111198.1917095781,0
34881307-ce29-40ab-b84a-acadae0bbc9d,49,Male,5,67524.47436171255,3,0,0,143166.98472658015,0
ecfa4ce8-27cc-4b74-b1b2-1a5f562d2f9c,38,Female,1,142332.596467184,3,0,0,34805.222477022995,0
892d2ccd-81ef-4f27-bc70-7394241231bf,55,Male,2,135060.9418438157,2,0,1,142223.7444247627,0
d7b087e0-c543-458c-a700-85b2c7fa4476,52,Male,0,224139.00481347396,3,1,1,79582.74509997685,0
5a630809-4cdf-43d1-90c7-bdf41868d3ff,55,Male,5,191146.75895926447,3,1,1,108461.45396994431,0
367651e0-ab5f-495c-8eb5-a0e4ad9ea562,24,Male,1,84910.43562142744,2,1,1,98543.25020805838,1
6d7ac93e-714e-4cbb-b9a0-284ce7363741,40,Male,0,215796.31051119757,3,0,1,111417.91619764238,1
507a2db0-b8f5-4b9b-a8de-10cd67f3277b,37,Male,1,150212.3925396127,1,0,0,124343.83001487545,0
9f1085fb-7afe-4d78-82d4-89f53a07458c,53,Male,9,184165.88920605593,2,0,0,23326.761375485046,0
31c7a988-7f50-4995-bc42-c060d5af28f8,29,Male,8,140079.15546360958,1,1,1,142221.53742099222,0
d9990f3e-4a0d-422b-bb37-670749f62c05,55,Female,6,201160.16665507172,3,1,0,46247.4603960835,0
a012dfd3-ce5b-41ad-bb83-51e9d1b98963,18,Male,3,77576.889240598,2,0,1,77610.4282015379,0
08d9a0dc-916a-4671-ba33-725fa8b4b584,69,Male,9,169937.10986687135,2,1,1,56476.57740649853,0
eacaccca-67c3-4009-a2ad-3cb1da9a6a75,21,Male,9,181400.69580296116,2,1,1,25005.648222037562,0
c705bcd1-929c-4de3-9f48-b0ae1fa49b9e,20,Male,1,91391.3082598203,2,0,1,136362.86234808725,1
7c5d9104-f108-469d-a382-a35f78243858,58,Male,6,76254.22166129245,3,0,0,59982.0822942912,0
e84a2dc6-29c9-456d-a2ce-50948418c6dc,65,Male,6,237570.8460582551,1,0,0,37466.789786242174,0
7b968f9b-6d14-4eff-b4bb-30adf2252e0e,61,Female,3,66031.45278758046,1,1,0,70478.21903287979,0
1b0d7e9d-5155-4346-bf85-9735d9956ecd,22,Male,6,203147.40511295616,3,0,1,61787.82540600446,0
c0a69eb8-1227-4bb9-a076-7a6210890fa4,66,Female,4,113252.9093657119,1,0,1,106909.8235041151,0
d35bb793-cdfd-4b93-a7f3-0130d116ba67,40,Female,7,187848.56765266918,2,1,0,13016.62368656026,0
09012110-7a1d-40db-975b-e64a9b3dac18,68,Female,8,32561.179949233327,2,1,0,66499.77303487014,1
ba9ae9b9-f5de-4185-b6db-edba4e4eb43c,19,Male,5,95382.16048892812,2,0,0,33003.92782562332,0
ac19a6ec-4eec-4ff7-8075-cc8f43cf9562,56,Male,3,41037.37651613057,3,1,0,13029.793452435748,0
f14de9b9-f2ea-4284-b467-ddc89818bda2,69,Female,6,192323.74017967735,3,0,1,100815.00582310047,0
e3714794-b96f-4415-bb47-011648dbfead,59,Female,7,129136.0238962398,3,0,0,106378.5233552538,0
5b554c4f-acdb-49a2-a70d-282760c6f478,26,Female,6,8191.245351170828,1,0,1,33269.06558123022,0
066abea7-6d70-4fcd-9787-22c6d5e80fec,54,Female,1,231280.80272612613,3,1,1,99537.77677692423,0
fcf20f95-cd6b-4a23-858d-6f1f60daf62b,42,Male,7,101940.69601548478,1,0,0,63463.317497507654,0
92a0e67a-c939-4f09-a537-87a29f4be96e,33,Female,9,172707.10393999392,2,0,1,146733.1652355936,0
0631132b-97e1-43a8-ad14-f572e990e7b4,47,Male,8,180151.23192245074,3,0,1,126966.97642575287,0
d30461a6-8239-42b9-a5a0-d73b9237a1c4,34,Male,4,111255.71837709419,3,0,1,80403.09433816564,0
c19110f7-78f8-4833-936f-68ded36c6a6c,69,Female,0,27864.047246193764,1,0,0,43562.47099890802,0
e215a5ee-304f-42bf-ac81-c245959ba9f8,23,Female,7,65237.25429417729,2,0,1,113523.50305015588,0
4e6727e2-bb57-49c6-b8ec-1d905986a3d7,20,Male,6,154850.5430880795,3,1,1,47111.142361218335,0
7bcb32e1-00fa-472e-9a40-3b13524eb111,29,Female,7,117368.913633945,2,0,0,117883.3249074716,0
d977f7c2-3bae-44a2-aec6-b0644f09b682,69,Female,4,50251.075633889974,3,1,1,74700.75235773533,1
4c62de2b-ee61-4d68-81d3-df37b2eb658e,42,Female,2,167284.16864691212,1,1,1,32357.730036394933,0
fb4bfe7a-10cd-43c0-ab13-b3174dfbbd8f,27,Female,7,145041.909182206,2,0,0,133862.31304797748,0
5eb99349-67bd-45b1-9e4c-dd237453cc47,27,Male,0,72171.13189800933,2,1,1,143868.7353003495,0
2a7d6d1a-35cc-414d-b5c9-11197409ac9d,34,Male,1,68613.42443085188,1,1,1,20503.705147953668,0
78f792d1-8308-4765-8f98-d3c2ec9d658e,46,Male,6,245166.65072342794,3,0,1,59348.754685152526,1
0685b828-3829-4af3-988a-d788cbd919e5,34,Male,0,56113.93735929962,1,1,1,54874.40814114668,0
0a7d082b-928a-43fd-a579-8951a08ed580,55,Male,5,53259.343413987495,2,1,0,116549.42805781182,0
afdd7c5e-aeca-47e5-bed9-77113f25ff12,28,Male,0,16833.571676730415,1,1,1,147544.56451008248,1
04ab7412-eeca-4bd6-bb38-b666f45ec19c,47,Female,4,151798.32915444206,1,0,1,147356.47555995,1
39da31a9-e3ac-4763-9422-de8a776b834d,39,Male,1,65062.40018911044,1,0,0,130597.70154827759,1
0ce96026-7fa5-4dd6-bd2c-1ebe43d1ba05,52,Female,8,3330.169393657323,2,1,0,21945.555986966734,0
dba3e6b3-1c02-473b-9cb0-533c4281567e,51,Male,3,82243.18523412483,3,1,1,44479.47592233957,1
087fadb5-3f78-415d-a2ed-aebcce9a19fb,68,Female,9,177984.9282233959,3,0,0,119511.53190654944,0
ae2f72b7-e34d-4fc0-881e-4796032853b5,41,Female,6,68903.50060669659,2,0,0,72331.93791862536,0
da526234-d7fd-492c-ae1d-1dc254ece545,64,Female,0,66565.61033975054,3,0,0,73974.20443232273,0
d2d8a3c8-bb79-4952-9265-3a6afa468b65,68,Female,5,49137.182261143666,2,0,1,25762.22220558586,0
a65c5b40-757c-4e7b-a7f2-939c8d87ce3b,21,Male,9,179823.89491298498,3,0,1,82363.25186665331,1
23dd8c5f-1517-443a-a1e5-36677fd5726d,18,Male,3,47444.18857872534,3,0,0,149989.26934528106,0
7607bce6-35c0-49d5-9022-fbc83869c16a,22,Male,5,183606.67416147224,1,1,1,14915.56870775342,0
fe922010-8a40-4914-a5d8-7ae51ed92886,37,Female,9,53538.28822966405,3,0,0,104935.55051294023,0
8f46c302-f10a-4bd3-a97c-57b9268c31b3,25,Male,4,197662.31867373586,1,0,1,92740.54405170852,0
cd879ce9-b6d7-44bc-94ac-a397b6c09c79,43,Female,3,108192.76262781442,2,0,0,133572.74904118507,0
18707f28-a479-4989-a8af-0f91e5b734f2,55,Female,3,147546.4593804902,3,1,1,130098.08919718697,0
67270873-77c7-4f43-bfdf-c550cde89749,49,Male,6,218234.27591519893,3,0,0,37554.43162472772,0
d14371db-7681-4b4a-af64-955b9c819986,21,Male,7,128039.19534300515,1,0,1,24823.750443990968,0
c243cdcd-fe8f-4035-845d-8824d5152fd3,51,Female,0,13029.49506562942,2,1,0,126067.1480871411,0
714f39ee-98c1-4290-b370-5cde1c99cd05,31,Male,0,11111.376676500335,1,1,0,81277.60985485998,0
ed185b7a-94e5-4fd4-8d48-2cd7bacea5dc,21,Male,7,168477.9539249256,2,0,0,40498.300562729724,0
fd1d40e3-aed6-4d8d-9ee9-3752471c641d,45,Female,2,99921.90881218147,3,0,1,72923.6803755902,0
e3f611e4-0f91-4f05-b518-6c876141f14f,55,Male,0,63552.036913297554,2,0,1,69698.64526633319,0
e876bf03-86e7-4931-ba3a-a53e45c70b29,40,Male,9,81283.19817473956,2,1,0,48400.03316570893,1
f9ae8fc4-0abb-4e18-a4a6-11ba80aafc3f,47,Female,1,90278.33229688673,3,1,1,78416.18651142907,0
d836a091-5d59-4223-8f6a-ae861a7f3b40,50,Female,7,100718.46650886069,1,0,0,145756.34522632806,0
097f1ed8-78bd-4b03-88a2-c4d6aa3be424,35,Female,9,47072.02695962076,1,0,0,119014.54799385813,1
d13ad2eb-b461-4fde-b16e-4d89c0238a2d,22,Female,1,7354.666988381442,1,1,1,98608.02664090601,0
4bc49623-4656-4198-b749-a83ffdf966c8,66,Male,0,124255.6965416761,2,1,1,129845.60165042113,0
a1f39bae-44b5-4b43-975a-267d30a5a13a,62,Female,3,197530.9629353451,1,0,1,14164.628612018681,0
13fa28ff-8dec-4ee2-8d6b-7ccf4f186101,64,Male,7,80476.28968224688,1,1,1,36244.99094440151,0
8404c6a4-1aad-4927-a25d-fea0a440bb4f,43,Male,1,187328.68985893563,2,0,0,36743.379658155354,1
a34dbf7e-cc7c-44e3-9188-27ef6dc528b7,38,Male,6,114643.44150289884,2,0,1,29390.948686543637,0
c71cbc27-456a-4f95-917c-109ead8c922e,31,Male,7,29920.033968052594,1,1,1,33023.64263569476,0
e0da6b1d-2b2c-469b-9171-1ec9c1ba6fb7,26,Female,6,66162.86315042416,2,0,0,84784.29806275418,1
16c0660d-0e8e-4709-aa86-aee78dac5fb9,49,Female,5,153953.4306701977,2,1,1,18596.30468433377,0
0a4ace4e-07f2-4069-9d65-56eae52ba0ce,59,Female,9,132888.1126385091,2,0,0,44234.493786686304,0
3952b9b1-1658-4b57-882c-bb13018b00a2,30,Female,1,73230.49774316583,3,0,1,74274.28619714902,0
32449b64-013e-4764-a99b-5a49bf22c589,46,Female,7,85319.2974970602,2,0,0,76004.92420138432,0
b7159075-16bd-4358-9b22-e073a8c91115,39,Male,8,47321.363425148505,3,0,1,74075.58925631971,1
1761a20d-67f9-4c8f-871a-b120de2b3767,66,Male,4,66226.99863745659,1,1,0,49832.03656933975,0
1693bdc4-411e-4b59-9598-5a3e6a0f60dd,69,Male,0,129558.16445166513,1,0,1,100303.92888696071,0
5ae14469-3093-4573-bf4f-d82e253479c8,23,Male,7,198482.84496253764,3,0,1,138898.2868395002,0
5af59a48-43f9-4944-bcf3-0443527e81eb,52,Female,1,248149.99789257618,2,0,0,12028.357648634495,0
49465e47-c00c-4180-95b7-b6003992f162,40,Male,7,83858.56961428504,1,0,1,16258.98954196657,0
8ff77d05-02d3-4afd-9803-48c01ffeb92e,48,Male,5,231729.22293843172,3,1,1,16115.720711828697,1
554b525f-9ecc-4e54-b97b-8c298e8edfcd,63,Female,6,124677.56073988511,1,1,0,85557.02162933603,0
0778328f-429e-44d4-a005-7757c55f6a57,25,Female,9,218848.92783073196,3,0,0,27532.796206434214,0
3c9f3545-ac73-4d8c-a1b2-8609cc089ada,37,Male,0,118369.72428148083,2,1,1,89844.23245832788,0
b3d65154-d38f-4d5f-9d40-a4dc47401fdd,52,Male,8,166253.54902596018,2,1,0,91352.55575243545,0
7e7ddc81-34c2-4fa8-a200-0ab9d047ac7d,66,Female,0,49697.98081113982,3,0,1,135564.65119563852,0
343cac88-68c9-47b4-8f1a-2d742ba31cd9,41,Male,8,143976.8155904777,1,1,0,120156.81803038743,0
79837c70-b238-4205-b0d8-a254331b8578,34,Male,6,77552.39588761564,3,0,1,34006.91733886846,0
dfb82e38-07c4-4057-a492-7f0cff840c97,38,Male,9,214329.78668926933,1,1,0,16206.621606779328,0
29f8f354-593d-4436-848a-8f5a71a9bc7d,55,Male,9,132989.47530468518,3,1,1,57277.85636484242,0
7ae860a9-dbda-4858-8b15-a17816ff0ca3,64,Male,8,245664.09862957246,1,0,0,54566.45479878904,0
a5388c24-29f5-47e1-a2fd-b27de1a2ad7b,43,Male,4,121662.66814776711,3,0,1,51403.022233831594,1
4ce453c1-62c9-4a35-973a-f87765de489f,29,Female,4,115240.88583675785,2,1,1,22261.68120033969,0
f3953a36-9af9-4039-a446-1bb573ec359f,53,Male,0,213179.34839884378,1,0,0,27310.17392599727,0
2e855612-1d15-432e-b447-b83feed6a49a,35,Female,1,207938.8066073063,3,0,1,110036.9131878218,0
ec608176-5ae6-41b5-8387-d13350252694,58,Female,9,31054.166085083074,2,0,0,85944.19849317538,1
cb09592d-2eee-44ad-91c8-f324057a62d5,41,Female,2,77705.05910837324,1,0,0,52902.14858758705,1
cb6236fa-0732-4cde-9a35-88def921f0cb,38,Female,1,179806.79754851747,1,0,0,94662.89641290494,0
9d61d17e-fae1-4e8d-8495-8b9973718980,23,Male,0,167512.9739176626,1,0,1,99150.0887322169,0
879d1e0f-2839-4d6f-90ba-5c4b42ec331a,26,Male,9,61290.953671215146,1,0,0,144812.18614094137,1
498bd3d9-1905-4117-8161-24de0ab94858,56,Female,5,101186.41659111722,2,0,0,68642.82072585757,0
3cf107cf-e813-43ad-a649-5cc5405e365b,61,Female,7,134427.91891185238,1,1,1,43254.53103411259,0
4daec755-96ce-4e39-b475-6025553fc58a,69,Male,5,48633.179583638164,1,1,0,72469.08231957688,0
de69e7c2-cded-4482-955e-8925130176bf,25,Female,4,43545.007276533404,1,0,1,14149.038062368676,0
b22b874b-4b15-4c3f-b978-b28bc56e83b4,37,Male,3,117041.00939293084,1,1,0,109995.51694950362,0
f502096a-fe2a-4aff-a9e3-8759b5c35d29,66,Male,6,42226.622214539515,1,0,1,145638.5680418618,0
297d3673-2517-4ec1-8580-e2fbcf031b5e,46,Female,2,107026.29461872287,1,1,0,122249.08849251423,0
1d0d19af-ed59-4c7a-b782-0a4b7761754f,38,Female,2,10077.081169679119,3,0,1,126109.34986582173,1
6ed78538-c1b8-41de-afcd-d984c061dd95,69,Female,3,239617.50246363788,1,0,1,13285.887561545194,1
7975e3ff-410d-4b18-9cd5-af6afca4a2b7,20,Male,9,140058.32626155377,1,0,0,143322.02189723114,0
71d451af-9791-4ca9-b020-524492bc70e4,19,Female,5,65652.45986140017,2,1,0,53597.42764276486,0
ea945453-18df-4290-8953-d682c8a540a3,64,Female,4,91238.80757883219,1,0,1,39128.152772569134,0
5337c082-5a30-458a-b503-d260f86358a2,61,Male,2,81126.81915153844,3,0,0,51669.65354502799,0
ed5f4c30-e162-4cce-b192-e37ec244eca7,35,Male,7,185207.82267719528,2,1,1,121773.65318488903,0
f42a7d98-2e15-48bc-9277-cfe380b1ef81,32,Male,9,49306.29304957246,1,0,0,19669.88391976719,0
cc66a4f9-bad8-4eca-8db5-27939354e4c7,27,Male,5,197127.6469800686,2,1,1,10542.32826610465,0
38fed874-9055-42d4-82f8-517218430c58,59,Male,6,170022.75259801882,2,1,0,49172.59621004544,1
1e051595-223b-47a6-a572-593a644c1b48,47,Male,1,97360.53609294556,2,0,1,21647.448444891244,1
2a8463e1-bba5-4353-ae43-3cc58bad8720,63,Female,6,235410.22510220268,3,1,1,90637.24382654608,0
f8e7a5bc-cca9-4c8c-b16f-e31588d30d3e,21,Male,1,143504.91845587263,3,1,1,39855.282220847774,0
18d30a4e-230f-43fb-9fe1-212a5e431617,56,Female,5,148410.5303191717,3,0,0,71320.85123442681,0
52af6b2f-7a5d-4a23-bfd1-cb8df0c6249b,61,Male,7,195038.0631370007,1,0,0,143846.09210242025,0
0d400e7e-843d-4df4-9166-ff0e752a279d,25,Male,3,196448.58852644323,1,1,1,96643.71982599492,0
b0f53021-797c-4931-a660-6983dbe05817,20,Female,3,175963.04397967033,3,1,1,15506.912783666612,1
26bcb3e0-0712-433d-963a-e93fcde501f6,59,Female,2,156607.12528439105,3,0,1,131655.21694182954,0
e6c67147-7fc6-4034-914b-7f4c7b6b55aa,58,Female,2,28568.30129137064,2,1,0,50819.88787639407,1
25a35168-ed1d-4dbf-9427-df886ee61838,19,Female,8,40238.190567721846,1,0,0,27787.849505430953,1
c746475a-e329-42ee-a03b-5845c40c36f5,55,Female,9,3117.8228735700695,3,0,1,130129.95270820713,0
2268a18d-38be-4017-a662-4866236e162d,43,Male,9,132255.34691850154,2,0,0,32814.04021253518,0
5f784e3f-2602-42de-972c-6cbfa2ebd643,57,Male,7,209557.96363955323,2,0,1,49767.83877487537,0
375f0f95-062a-4bcf-9f5b-7a543a0340e8,69,Female,9,170048.0546662684,2,0,1,60944.43113237809,0
cdf17291-8dcb-4635-943d-e744c4fc7747,53,Male,4,130304.44406520561,2,1,1,98664.39272416061,0
d0d11dfa-c918-42d7-8498-e8c1c1280a45,45,Male,6,247180.499421442,1,1,1,30870.791512226042,0
6c42a21a-824d-4a02-8560-991ecb14a429,47,Female,0,43117.30949473669,1,0,1,38424.2691839627,0
b42f309e-3e46-4e0e-b70e-67a8e3a9db88,60,Female,7,201229.3738209762,3,1,0,93917.65854518043,0
ba5b95fa-afc0-4c29-8be8-0dc4103bd517,58,Female,3,102927.752611086,3,0,1,112044.14398534736,0
8d51993a-e3fe-4469-88bb-021283fb56f3,18,Female,1,77074.35354121012,3,0,1,109058.04096725764,0
7bb0774e-a36c-4306-8145-a763edf44ec6,59,Male,2,111249.10732182408,1,1,1,96784.94773982656,1
3a55c2e9-95fb-4c79-8f12-a7f0e0d94760,69,Male,6,188738.92993025613,2,0,0,18353.23910621356,0
80336169-0439-44d3-8a7b-eb846be504df,21,Female,8,175405.08508558644,2,1,0,133817.85904157747,0
f3b94f3a-526c-4ba0-b381-79dd996b4828,36,Female,3,179436.35165147108,2,0,1,124480.23465364438,0
fe264a38-fff2-4e25-ba95-83ce1ce9fc61,48,Male,9,970.1801764731566,3,0,1,79204.20804627196,0
745d1b0f-0f55-414b-a3e0-eab55f15cbd7,18,Male,2,101297.1897896063,2,1,1,134536.42376404867,0
217b43fb-dbb2-40f3-a766-15cae21fcd96,18,Male,2,222097.4475490356,1,0,1,110770.12666560388,0
99399087-6235-4c21-93c6-55f2cda69577,56,Male,2,225601.75396998422,1,0,0,82535.2965410644,0
f8bde4f1-7976-44ce-9219-7718b608e768,23,Male,6,7178.546320277091,2,1,1,51117.58328031776,0
9890543e-4568-4bf3-9113-c12f5e42f9a7,43,Female,8,117360.80476776528,3,1,1,85803.68366341978,0
84e30ce0-23b7-40ac-b271-eeabc86a1071,32,Male,4,136759.95731789296,1,1,0,111044.23853387198,0
13a690d5-65a0-4269-8ded-432d426768cb,66,Male,7,216190.71159642987,1,1,0,87571.70349375479,0
a9b959ce-1e09-41b9-9799-95cf47b72f59,28,Male,3,156530.72385621548,1,1,0,112407.18037730007,0
266c704f-976c-4b0e-b7c5-6c18c837af59,67,Female,3,181373.30765628425,2,0,1,15117.705165531694,0
845975c9-8212-463f-ba8b-133a52af2c27,43,Male,0,98071.63918329986,3,0,1,91777.635290379,0
235a4d1b-4243-4cc9-911e-bf07927aa1e1,49,Male,8,43692.25053318243,3,0,0,116733.71345828187,0
c133604c-899b-4df0-84e9-3e58a111fd00,65,Male,4,30780.80066469974,2,0,1,117507.39725522857,0
9ff17666-773b-49f2-a029-8e4bdb33642b,54,Female,3,176210.82978080312,3,0,1,104341.8759319992,0
e44a05f3-250b-46f2-84d0-6c6b5fddb1eb,18,Male,8,210177.20026041978,1,1,1,22532.356777871573,0
79cc57b9-016d-4446-89a9-0e6bef2d7816,42,Female,5,59364.4069139303,1,0,0,17222.24181418675,0
44b188a6-b9de-4229-9684-6fea7d10efa7,48,Female,4,150479.11420294642,1,0,1,146554.1067842354,1
0af000a4-8c25-45d1-86fa-0dca270abb51,26,Male,5,29835.90183049531,3,0,1,53987.76587420474,0
4b2d8f54-0c9a-4eed-898b-d83d96051759,61,Female,4,67348.27507971309,2,1,0,147763.3265886472,0
00c3c124-d027-4624-8ab2-8de9e84c00ec,44,Male,5,155844.57225839057,1,1,0,59188.90752591704,0
b45aaf6e-0910-4e44-8ed7-0da4d76e62f9,60,Male,9,209273.09865886022,2,1,0,120679.17919972618,1
92d4de0f-e5cd-4bd9-a676-810ef2725ceb,20,Male,6,147252.0768854769,3,0,0,39362.624071436614,0
1d12e750-b7ed-4f3d-a50b-81c0ecb3282d,68,Male,8,231479.27508697502,3,0,1,132001.3896279932,0
e98953bb-ce23-485b-9310-a0fc26a2354b,67,Male,9,132509.93801793092,1,1,1,87377.16175182431,0
47936839-8e99-41cd-9e6e-a1626418321b,46,Male,3,199474.7579520978,1,0,1,120184.4357471173,1
064acf01-fd3f-44ac-8a37-8707ca23be28,41,Female,4,151032.99153760792,3,1,1,133249.88412995008,0
67e36e90-a2c8-458a-80eb-5948d5fd3b1c,54,Male,4,157548.5524972915,3,0,1,88149.20555578466,0
4d1abaa2-cc18-4858-9849-bdd2bb736ec4,66,Female,1,183972.143757464,2,1,1,58032.34385960225,1
f8b8b1d9-c500-4609-96b6-511b3540fe3f,61,Male,1,4007.3741175316036,1,0,0,105053.12844255124,0
3fa6e496-4309-49d0-9137-e7fd9179fcc4,65,Male,1,218907.98277599475,2,0,0,134581.00698998757,0
abef1864-36c4-4f56-99bf-1fc96b4ff8cc,51,Male,2,175915.0644986295,2,1,0,138094.27481267194,1
d315ada0-9fc4-4fb5-af9c-b73cf0fdfee2,46,Male,0,25384.246243045276,2,0,1,39508.281062482274,0
7f58f00f-7aa5-4466-8a8d-f02834d04843,67,Female,9,47045.98448687411,2,1,0,58838.54559197834,0
8df801b2-9f18-4245-b600-f9e995f74201,48,Male,6,176436.50405068192,1,1,1,85637.81515404391,0
2f663bc4-67c2-45ed-8929-d2456f056be3,21,Female,7,16554.802493476516,3,0,0,137158.350863953,1
c38d2b8c-8564-4a7c-9b5e-1e120aa8f61a,31,Female,9,68077.92164249813,3,0,1,93906.81534473435,0
affa54f9-4ba2-4e01-8c6c-2a423d0c634a,31,Male,6,125035.66669653734,1,0,0,143683.0949921065,0
8ce33b74-3cf3-4682-95bb-b0485e6fb00b,57,Female,6,18776.547987289865,3,1,1,10881.277581040193,0
41fa9d5e-73ec-455c-a158-7eeb6ccd926f,60,Female,6,165189.9969988072,2,1,0,27703.661028665974,0
a464f984-ec8d-414a-8067-64680b0bdf2b,29,Female,0,226306.17811942112,1,1,1,127014.9178833147,1
fd9c4656-935b-4864-a54d-ece3debb4f43,45,Male,6,157062.60233663223,2,0,0,87786.76646059545,0
6f429af1-f862-416e-abb0-0fe8330939dd,64,Female,3,53866.24886106653,1,1,1,57373.231449948296,0
7ee6f1d5-c55a-4910-ab68-594645c3fb5b,42,Female,7,66028.43050762566,2,1,0,66959.32376203337,0
0615d44b-7a06-471a-8c35-a65117a7378a,62,Female,9,178138.01335210627,2,0,0,25881.885508920976,1
70267e99-4a4d-43d0-b33b-5086d6ba2130,40,Female,6,59227.24655891504,2,1,1,90357.9830837091,1
fb4aedb5-e86d-4849-a20c-c53b3693e0c1,31,Female,9,23626.31958789793,2,1,1,124476.5452324834,0
8b1716e0-23c7-4d78-9d93-7ebe4b7a04e0,48,Female,1,2124.8103525668416,3,1,0,126976.79124678324,0
a70537ce-c486-4af3-ba0e-39d723c893ab,63,Female,6,47413.243230363885,3,1,0,87161.24069056373,0
4f166671-960e-4580-8a28-9c27f782291b,41,Female,1,24753.84233807318,2,1,1,102754.62193218803,0
786f11d4-d5d4-416c-906a-6dadc0a549a8,56,Female,1,233452.67731762305,2,0,1,125031.67117398656,0
33cea36f-6f6e-4093-844b-6e2f9919d1be,66,Female,0,10043.284626527427,3,1,0,39578.940585454504,1
ff818366-819a-4d96-a8a3-398a8c665873,18,Male,2,96422.57749903621,2,0,1,132101.69622157994,0
0d1abfc5-775b-4d97-a912-e1168b6027a5,69,Female,2,210024.5602048322,3,1,0,88010.85308015265,0
b46b11ea-6e46-43f4-b244-beda48fed8b7,41,Male,5,136618.49160045647,2,1,0,39274.559677454745,0
cc370d45-f4ff-48e7-ae99-93359556bf69,55,Male,5,160705.8016285854,1,0,0,18362.383773733163,0
1b2de98f-1349-4fab-9cef-1567447c2ac6,23,Female,5,17088.814475054503,1,0,0,145405.7061590786,0
487d59b2-efae-4ce8-909e-a4559a3a153b,29,Male,8,76960.65310629849,2,1,1,93282.85299805697,0
41a3eb80-03a7-4708-827a-fbee741de747,43,Male,8,199496.54984232984,2,1,0,132650.72544324008,0
2dbd891a-5ec3-42de-b7f0-c5a428b46bd9,43,Male,6,118936.50436775543,2,0,1,97981.86604037975,0
33fdad64-9fbf-45a8-b4aa-2eee833551ee,54,Male,4,237031.25607132202,2,1,0,22186.13689497869,0
450a6010-ccc7-4fac-b8dc-daad1a7bdd12,51,Female,1,179020.69306735686,2,0,1,46665.29095412842,1
6a282f25-ded8-4152-8318-140eb982721e,19,Female,7,225950.2020118926,3,0,0,87697.54949140747,0
afb5c4c7-d466-45d9-87f4-aadf8b144fee,65,Male,1,105464.76540061196,3,0,0,21589.794821217318,0
4498b499-6a03-46b8-b9a6-79a0263b5983,38,Female,6,189442.30723933195,3,0,1,16512.226367203955,0
381c26f5-0cff-40c7-bfce-fd7f2339c38f,21,Male,6,148357.551694312,1,1,1,25554.48676018176,0
34b7eea0-4a9e-409d-b2c7-aa4803a58bd4,55,Male,2,149137.7208359391,1,1,0,27474.22466121176,0
45bcdf30-9994-4ea5-bd63-fc549af1b3c6,28,Female,0,112651.87237673621,3,0,0,38635.118293720494,0
6c8f3697-239f-4b74-9695-f5a2bffc80ef,63,Female,6,2482.2424633887395,1,0,1,57494.104970892724,0
fa3f261a-d84b-4d78-91e3-aa6a57d1e3a4,63,Male,7,53178.34605118154,2,1,1,34901.087350919785,0
85309a95-e9ae-40bc-8bc3-67368b9ec84d,48,Female,6,182244.5194299219,1,1,1,58561.83461395173,0
e0a80512-3268-401e-ba62-069245aec1a8,18,Male,5,40040.22904299784,1,0,0,93637.41918235812,0
8b752506-f4ef-4708-8663-ac7d009cfd0c,65,Female,8,165169.04405704656,3,1,1,124686.66840853388,0
c27d5950-8936-4e02-a138-5f2a131d7066,49,Female,5,191226.66318223986,3,1,1,59217.21165853285,1
f4f8c4e7-7cf8-44f2-9598-98355a074d12,18,Male,7,227549.5666290163,2,1,0,79337.31427139798,0
fcddc6c0-4ce6-4036-928f-a9a0f6d8cc02,52,Male,6,38794.371257584535,3,0,1,40140.54475833397,0
3993fb4e-4d3c-45d7-982b-d43b5091d5d5,45,Female,6,37061.1846154808,2,1,1,81703.90182540483,1
becc8cc3-c49f-4fb0-8c70-9aa7b9b91a9d,34,Female,7,202121.3814076855,2,0,1,104721.33271853381,0
837654b8-1456-4d7f-8961-16bb498c601b,62,Male,4,131679.2541789127,3,1,0,84378.9531742756,0
5e9fb6ef-b86a-4249-9e5f-647bcc44cd7d,52,Female,4,169512.00828974321,1,1,1,116582.01748419266,0
41570415-ad37-4630-aa43-79a831d938a8,69,Male,5,114229.02443943659,1,0,1,148585.84059863753,0
eb456d23-8579-4b8e-afdb-0aa94c1a75b4,32,Female,7,164467.55537769437,2,1,0,73714.52035931768,0
5bb0722f-2a88-49ed-b8f4-1a90822d50a9,25,Female,6,228400.59553388922,3,1,0,62159.43466829686,1
22002b05-4f7a-4a92-b734-20d09fd2faf8,36,Male,6,199617.80216946916,3,0,1,65962.53484567243,1
4f8ffd1e-787f-4787-98ae-85b491e28a63,23,Male,2,163928.61983799786,2,1,0,100599.4822933856,0
f5f0c4fa-9ab7-4e1c-ab37-26f291d607bf,62,Male,6,30391.878636748166,2,0,1,106132.81124851674,0
d67740c5-747a-4b3e-a028-d0dfac1c0412,38,Male,7,236260.3835425376,2,1,1,73492.80280293422,1
4ba595df-989b-4b7e-8ef2-226d9e6ef57b,48,Male,8,61933.11815856761,3,1,1,64171.369642692734,0
fec6b80c-a950-4f30-aed2-ee73a218e4e5,61,Female,4,58190.59756866707,2,1,1,66642.0792915714,0
21786c33-dfad-4d7d-853c-87177c07df44,66,Female,9,3124.3598649612068,1,1,0,126900.1819558951,0
234bf698-5acc-4bb2-aebe-6fdb6cc8ae24,18,Male,2,199556.02777850666,1,1,0,63165.81862933671,0
774a1016-9ad2-479b-86c8-4ac919cb56a1,56,Male,9,23869.557684933014,1,0,1,106394.8853293552,0
930be970-9f12-46a0-8005-295aa5646fb3,44,Male,1,237108.1954536953,3,1,1,88698.47544306684,0
d7019b3a-8c56-401b-acc2-b97e20f35b0e,64,Male,9,195062.72761565176,2,1,1,102050.63427050415,0
07ca4d28-4e87-479c-ae8f-ca5e1c55337a,23,Male,9,13290.878783006221,1,0,1,19319.90114486831,0
a1bcea1b-6a97-4162-b78d-945c2346e048,55,Female,0,79451.28660221054,1,0,0,71332.78505172257,0
a520465f-2730-42d9-8690-f02e86fbe863,61,Female,3,183960.87755737655,3,0,0,69272.5504352942,0
5c86824c-6948-4809-9790-f2be4e2f8b01,59,Male,3,186596.83267026496,2,0,1,130679.60627431139,0
211b1db5-0834-46d4-996f-a9593b87e433,54,Male,2,118361.50689775418,2,1,0,29593.28099715115,0
48e70b1d-4d58-428f-aac7-fa8f5ed254c2,58,Female,2,165969.92507735803,2,1,1,95336.77255025714,0
262feede-9bb7-4e11-952a-dcd262d143ee,48,Male,1,160557.17771464202,1,0,1,95677.72345058493,0
bf604957-a3c1-4c78-abdb-a621ccbe5666,38,Female,5,75106.84413272512,2,0,0,83208.9377432993,0
9dc1634a-d579-46cd-b3fd-0fb681405fc1,43,Female,5,62120.73063581161,3,0,0,64951.395303515535,1
53f546f8-1d17-412a-8b9c-6a79eb02a8c9,27,Female,4,163475.71026703878,2,1,0,55016.76881023866,0
6df6a0a6-9bb4-4ba3-8954-468f7c425dde,66,Male,6,102956.25528201318,1,1,1,48562.563030603786,0
4d7ac62b-dd83-4d7a-92b3-5f4b8072893d,25,Female,9,6572.00907332206,3,1,1,29555.27720613847,0
6e179904-c7bb-4ada-85af-caf655a70f5a,65,Female,8,156518.14563173658,2,0,1,119735.85314841846,1
1556a259-8b93-471e-94a6-a7b755d15c6b,24,Male,2,195810.4294019617,3,0,1,73841.52464321915,0
819b16be-4d90-4084-aefc-553dffdf9f1f,48,Male,7,153753.91989043608,3,0,1,72556.86949969636,0
776febb8-9d2f-4c64-b438-673499391dbe,50,Male,6,158268.17664919692,1,1,0,100983.10766811908,0
f8c168b6-86b1-4a7f-8536-ceb09747a0dd,31,Male,2,9592.648700764927,1,1,0,82195.21202018898,1
92841ad1-5630-4dcb-991b-99ec8ad4d1de,33,Male,6,31059.227216454266,2,0,1,108470.06367217157,0
032109d9-335f-4be1-9747-b20254975ed4,49,Male,1,53422.39355371009,1,0,0,43066.280071811976,0
e430405e-52c3-442c-9999-9a5f3583e4d5,55,Female,8,189239.0517566169,2,0,1,50771.15972674389,0
46d4672c-b423-417f-8aeb-98e3a9c37a5c,59,Female,8,249283.4452164847,3,1,1,12197.000075500644,0
6687e0ae-3557-4149-992c-7f13fface9e9,43,Male,0,63756.294293490195,3,0,0,15736.273246296256,0
8f04858d-eaa4-44c1-ad1c-2802dd3974d5,42,Female,7,25358.67561181801,3,1,1,66594.26620814615,0
3d7d2df1-20e3-411a-abab-c17027c3cd5f,26,Male,4,108138.67818963926,1,0,1,30461.076901737717,0
5dd01abc-b728-4b07-94e5-b1a807f00ffa,33,Female,8,200660.77829202803,1,1,0,138616.0285996924,0
55f5eda8-70bf-40e5-be85-abb09b5158a5,69,Female,6,86376.87577611339,3,1,0,66947.28205751121,0
fd56e334-7fb5-402e-aeba-d893904fe41b,21,Female,0,9126.655745901575,3,1,0,69823.84600077217,1
9e475d1f-33d1-4bde-8b14-0c4e8e7a37ce,63,Male,5,32935.19247018992,3,0,0,86721.13061554794,0
236a326c-33a9-430e-896a-76299e5ac017,59,Male,8,139200.25313594376,2,0,1,126866.10861753656,0
c6d21348-210a-4db9-abb4-170892e6c955,58,Female,8,51618.87390022699,3,0,1,139305.19863199902,0
b0f9a861-3154-4c0c-b1eb-ed2b81e82f8d,38,Male,4,147074.8233063524,3,1,1,74024.77679691941,1
bc5016e8-16e0-4b14-b277-ee637917dae4,56,Female,1,115703.53124128774,1,0,0,16452.73643567467,0
5b33b0ea-832c-4f7a-ad88-fdee877f7ca2,40,Female,3,13664.126748764744,3,0,0,140922.0366264687,0
607b5700-7415-4c27-8087-4c2cd3a79ec4,19,Female,3,154735.16818919606,3,1,0,30473.08674842327,0
a7c9b742-6d45-48c7-bd11-6bc309c650a2,23,Female,1,200066.6648955415,1,1,1,79693.38909949214,0
8bc12d8e-5a13-432c-8c83-86d8b0cb6f93,21,Male,8,213247.6213906239,3,1,1,14121.71742187949,1
2e4ee1c0-861b-49c9-8cb7-e7f705f4de26,53,Female,7,64883.454993098945,2,0,1,60464.31536872073,1
627b7c0e-fb53-44fd-9a1e-9d3cf1a0db8d,64,Female,7,178647.50690524522,3,1,0,25048.662650658036,1
7eebeba6-ac4a-4900-ad6b-763c84d2fdd1,41,Male,5,32577.133022970218,2,1,1,21389.816247123577,0
8e27955f-3794-44c5-9624-19ccf8d418fe,45,Female,1,16449.169463470582,2,1,1,106089.68180281825,0
352fa836-a10b-4adb-a413-cdcee3c46fa0,52,Male,0,158326.06998176166,1,1,0,111048.7334638421,0
bd13c562-d98e-4e84-8951-4c6d36258f4d,41,Female,2,219348.65750876663,2,0,0,21790.43870422631,0
72dfd9f5-0e30-4879-a4e4-a9bf53d3c0f1,50,Female,4,49065.18554085504,1,0,0,121111.55225345162,0
9bf79dad-00ab-4aa8-9304-a6e6f48fa067,24,Male,7,207746.9149367857,3,1,1,139701.66588248982,0
39a650fc-dba6-4e0c-ba86-cb85d710f1b9,44,Male,0,33143.045555833334,3,1,0,144546.5952652697,1
cddea3b5-52cd-4b7e-9ee8-f38bac883b42,29,Female,5,137431.92895483677,3,1,1,119414.5108951271,1
c3c16753-742d-4269-894f-b623af208184,51,Female,5,155455.35388486454,1,1,0,98151.02503168661,1
3d9ab865-1a94-44ea-ab17-55ff5cdc64a7,39,Male,3,164652.5772590541,1,0,0,106420.40831393214,0
0ff887d9-ce2c-4344-8492-b3a0372901bc,52,Female,5,173835.25507662387,3,1,0,71141.18988653582,0
7db92a3c-d5b3-4ef8-bc7a-58659f6a92a3,67,Female,4,66413.08191583333,1,0,0,76254.9795063146,0
23fb27a1-9971-4568-a7cd-92fec2265427,69,Female,2,32941.74554847951,2,0,0,21444.886466678436,1
0103aa78-2e48-489f-a829-12088fcc62c7,31,Female,2,202601.45868524292,3,1,0,116052.71953923364,0
3e3550ee-db88-4667-873b-4f3a6fec9eab,60,Male,6,14302.295678308874,1,0,0,37132.38940424858,0
b1044055-401d-42b2-a8f8-9c5c6a5f524f,51,Female,3,77647.81267603651,1,1,1,52144.40440305034,1
a660c84d-45c6-4c9b-ac7a-5639d740b6d1,44,Male,8,50405.82972799523,1,1,1,109836.17625833272,0
a157d256-5fc0-4647-983a-fe6219d6528d,18,Male,3,149808.3879974956,1,0,1,62785.69886340144,0
197b6bb4-c126-4070-953f-ae078887a59a,43,Male,6,97945.57686471006,2,0,0,42609.00722683784,0
2f3a7911-ac4c-437f-96ec-6b639934adaf,53,Male,0,66545.52851873016,1,1,0,99792.13415631818,1
b4e247b1-7777-4b1e-ab28-af8f125d0836,49,Female,2,248863.0342948968,3,1,0,136647.18297163778,1
591464e4-339a-4fa0-9589-c6d98dc1a8aa,45,Female,5,217266.91631113944,2,1,0,100841.76558279946,1
da365acc-c893-4c77-aef1-09edfabcaeef,26,Male,2,48010.191341544356,2,0,1,63062.64294242016,0
11b1eca3-a114-410d-b705-ceb6f8ac1124,36,Male,2,103054.43078644872,1,1,1,89923.94926828517,0
b4542a6b-ad81-4be7-b9b7-61a09c9dfd8e,60,Female,6,98900.09796213162,2,1,1,57481.82593307271,1
4dd549fc-f288-4d6f-ab65-2bc0631a7f2b,22,Male,9,177588.61766347595,1,0,1,48153.8473101421,0
b17c184f-abdd-4e3d-b006-0446ff0ae373,59,Male,1,32547.436373175642,2,1,1,71309.24809044215,0
073cc549-b8cf-469b-9dda-e763c607ed48,26,Female,6,110655.63919246402,1,1,0,88295.27443037958,0
eb0425fa-8e61-4ab9-848b-595207b73932,19,Female,7,205655.6855355092,2,1,0,26550.09951735799,0
582330bb-dee7-448d-a3c1-0c37ddaa7ab6,69,Male,2,239952.53991371658,2,1,1,120258.72057174906,0
e0420bd6-586e-4ee3-bd1d-0049f94d2288,45,Female,4,146513.1309679809,2,1,1,112661.99633037893,0
