Well_ID,Depth_ft,Gamma_Ray_API,Resistivity_Ohm_m,Density_gcc,Neutron_Porosity,Lithology
WELL_001,6560.19,60.96,125.85,2.412,0.246,Limestone
WELL_002,6834.05,37.79,220.42,2.134,0.124,Sandstone
WELL_003,11118.53,37.42,103.47,2.042,0.123,Sandstone
WELL_004,12851.76,49.86,107.73,2.345,0.136,Limestone
WELL_005,11075.45,116.01,3.73,2.567,0.334,Shale
WELL_006,9401.52,29.0,217.9,2.203,0.121,Sandstone
WELL_007,8117.11,34.87,137.69,2.246,0.103,Sandstone
WELL_008,14218.74,62.78,227.75,2.197,0.166,Sandstone
WELL_009,13287.38,53.61,120.97,2.306,0.178,Limestone
WELL_010,13021.97,21.53,144.78,2.09,0.144,Sandstone
WELL_011,12712.7,46.88,148.35,2.432,0.228,Limestone
WELL_012,5635.58,52.51,111.3,2.305,0.233,Limestone
WELL_013,13872.13,41.72,94.11,2.421,0.241,Limestone
WELL_014,10612.77,24.62,176.97,2.258,0.164,Sandstone
WELL_015,5254.19,54.57,176.94,2.249,0.225,Limestone
WELL_016,7492.92,93.72,11.13,2.654,0.331,Shale
WELL_017,14296.98,49.78,159.27,2.115,0.125,Sandstone
WELL_018,6865.7,40.01,226.33,2.201,0.149,Sandstone
WELL_019,7279.35,35.97,218.75,2.124,0.13,Sandstone
WELL_020,7221.08,47.74,168.32,1.968,0.15,Sandstone
WELL_021,10187.91,31.57,147.91,2.167,0.152,Sandstone
WELL_022,8008.78,43.68,172.12,2.379,0.15,Limestone
WELL_023,6448.95,55.72,203.9,2.37,0.209,Limestone
WELL_024,12616.2,38.4,179.7,2.241,0.106,Sandstone
WELL_025,11335.3,64.49,102.72,2.45,0.158,Limestone
WELL_026,6865.19,26.19,183.08,2.141,0.168,Sandstone
WELL_027,11451.73,56.2,114.9,2.302,0.202,Limestone
WELL_028,6375.21,61.44,102.56,2.411,0.195,Limestone
WELL_029,13172.22,45.6,120.34,2.421,0.163,Limestone
WELL_030,13972.16,71.37,206.17,2.364,0.194,Limestone
WELL_031,12259.56,118.9,10.35,2.526,0.277,Shale
WELL_032,5091.97,41.18,228.68,2.198,0.165,Sandstone
WELL_033,11519.61,119.4,5.86,2.712,0.349,Shale
WELL_034,12464.91,63.81,101.37,2.342,0.166,Limestone
WELL_035,5936.75,129.45,9.24,2.649,0.406,Shale
WELL_036,11311.39,21.3,149.13,2.25,0.133,Sandstone
WELL_037,6952.43,35.13,238.14,2.159,0.222,Sandstone
WELL_038,6771.11,43.44,159.32,2.382,0.196,Limestone
WELL_039,14636.2,111.65,10.14,2.628,0.327,Shale
WELL_040,8169.22,108.21,10.33,2.663,0.316,Shale
WELL_041,10700.61,118.21,4.26,2.61,0.345,Shale
WELL_042,12407.69,37.31,147.64,2.265,0.142,Sandstone
WELL_043,13093.61,45.83,222.15,2.07,0.112,Sandstone
WELL_044,10015.16,119.57,8.77,2.601,0.365,Shale
WELL_045,13900.05,40.71,225.42,2.256,0.16,Sandstone
WELL_046,5359.42,23.47,119.97,2.193,0.114,Sandstone
WELL_047,5305.0,149.72,2.4,2.641,0.265,Shale
WELL_048,7158.21,26.07,166.61,2.305,0.144,Sandstone
WELL_049,10406.35,104.04,8.65,2.603,0.304,Shale
WELL_050,8229.56,135.45,10.49,2.601,0.348,Shale
WELL_051,5253.51,47.06,155.57,2.34,0.197,Limestone
WELL_052,7502.43,103.42,12.98,2.58,0.317,Shale
WELL_053,14548.65,52.65,196.2,2.079,0.168,Sandstone
WELL_054,7477.31,59.53,179.54,2.314,0.255,Limestone
WELL_055,9741.74,134.0,5.88,2.627,0.361,Shale
WELL_056,9338.52,54.77,102.02,2.315,0.197,Limestone
WELL_057,8746.13,51.32,122.79,2.145,0.144,Sandstone
WELL_058,6629.34,115.88,15.04,2.624,0.366,Shale
WELL_059,14402.3,36.99,155.99,2.186,0.128,Sandstone
WELL_060,10456.17,32.23,168.42,2.349,0.263,Limestone
WELL_061,5711.89,112.72,9.76,2.617,0.305,Shale
WELL_062,11967.37,65.62,116.06,2.349,0.189,Limestone
WELL_063,7820.35,65.8,139.22,2.421,0.219,Limestone
WELL_064,12764.13,123.28,5.87,2.493,0.281,Shale
WELL_065,12508.71,61.57,123.93,2.369,0.233,Limestone
WELL_066,13264.57,30.92,190.46,2.181,0.168,Sandstone
WELL_067,14506.07,63.18,120.69,2.396,0.196,Limestone
WELL_068,8286.65,54.12,222.61,2.037,0.127,Sandstone
WELL_069,5912.06,46.58,211.67,2.23,0.159,Sandstone
WELL_070,13877.04,46.61,129.74,2.275,0.253,Limestone
WELL_071,11182.18,26.75,167.14,2.213,0.123,Sandstone
WELL_072,5813.49,108.5,8.61,2.634,0.365,Shale
WELL_073,12771.47,20.52,123.7,2.123,0.134,Sandstone
WELL_074,9686.61,14.63,242.8,2.156,0.14,Sandstone
WELL_075,14621.73,38.23,146.91,2.222,0.186,Sandstone
WELL_076,14632.23,93.32,5.47,2.579,0.348,Shale
WELL_077,14693.03,118.36,8.04,2.606,0.299,Shale
WELL_078,11275.58,149.14,9.22,2.574,0.404,Shale
WELL_079,7773.81,65.47,135.5,2.489,0.176,Limestone
WELL_080,5777.35,112.63,3.93,2.662,0.258,Shale
WELL_081,11847.31,38.42,255.05,2.256,0.123,Sandstone
WELL_082,13660.64,126.13,12.43,2.642,0.325,Shale
WELL_083,14699.14,132.69,6.59,2.497,0.384,Shale
WELL_084,7734.07,37.76,191.15,1.984,0.113,Sandstone
WELL_085,9505.44,55.06,131.41,2.357,0.219,Limestone
WELL_086,8581.63,94.47,9.61,2.664,0.392,Shale
WELL_087,10201.64,58.99,107.55,2.458,0.203,Limestone
WELL_088,9034.83,57.04,164.6,2.431,0.205,Limestone
WELL_089,6363.71,62.74,171.06,2.332,0.221,Limestone
WELL_090,8482.55,17.69,237.77,2.251,0.136,Sandstone
WELL_091,13623.64,73.03,132.22,2.461,0.159,Limestone
WELL_092,14800.33,54.82,153.89,2.366,0.15,Limestone
WELL_093,5758.63,14.33,176.44,2.076,0.16,Sandstone
WELL_094,9739.62,41.78,144.63,2.417,0.191,Limestone
WELL_095,6770.1,43.17,145.12,2.353,0.176,Limestone
WELL_096,11903.95,20.66,172.34,2.185,0.072,Sandstone
WELL_097,13062.01,28.0,188.56,2.171,0.133,Sandstone
WELL_098,9845.23,103.95,9.74,2.567,0.281,Shale
WELL_099,5366.83,92.27,12.1,2.699,0.32,Shale
WELL_100,10321.13,127.77,5.04,2.602,0.369,Shale
WELL_101,7692.43,53.46,101.33,2.3,0.206,Limestone
WELL_102,8274.97,52.76,128.57,2.327,0.18,Limestone
WELL_103,5869.2,75.25,156.45,2.38,0.244,Limestone
WELL_104,6275.8,58.74,220.58,2.145,0.187,Sandstone
WELL_105,8560.97,44.49,88.52,2.426,0.257,Limestone
WELL_106,6528.59,115.42,8.38,2.578,0.32,Shale
WELL_107,6733.74,28.49,160.51,2.133,0.114,Sandstone
WELL_108,13655.07,9.97,207.39,2.211,0.137,Sandstone
WELL_109,14293.76,29.23,210.22,2.22,0.111,Sandstone
WELL_110,6870.44,145.65,12.86,2.656,0.3,Shale
WELL_111,6148.37,103.55,2.59,2.502,0.332,Shale
WELL_112,9811.4,92.14,10.39,2.532,0.341,Shale
WELL_113,5633.75,28.48,181.9,2.111,0.128,Sandstone
WELL_114,10956.39,28.98,210.41,2.269,0.163,Sandstone
WELL_115,13306.19,25.34,106.09,2.409,0.194,Limestone
WELL_116,13418.29,57.04,132.68,2.404,0.247,Limestone
WELL_117,6642.66,120.06,6.76,2.571,0.313,Shale
WELL_118,13772.01,40.43,221.4,2.003,0.151,Sandstone
WELL_119,9626.8,69.41,117.76,2.278,0.17,Limestone
WELL_120,13995.75,130.77,5.47,2.505,0.331,Shale
WELL_121,6168.98,127.44,1.37,2.614,0.361,Shale
WELL_122,12940.25,56.98,147.07,2.336,0.188,Limestone
WELL_123,6516.75,124.49,14.81,2.611,0.34,Shale
WELL_124,13767.66,24.09,147.32,2.301,0.152,Sandstone
WELL_125,12972.95,130.56,6.47,2.584,0.291,Shale
WELL_126,11411.48,30.73,157.89,2.257,0.169,Sandstone
WELL_127,6815.98,39.13,255.07,2.118,0.103,Sandstone
WELL_128,14472.83,57.05,155.07,2.335,0.13,Limestone
WELL_129,5181.1,58.36,96.24,2.502,0.204,Limestone
WELL_130,6525.39,76.39,147.71,2.391,0.213,Limestone
WELL_131,14343.67,143.23,12.04,2.696,0.31,Shale
WELL_132,8990.03,53.92,153.43,2.507,0.216,Limestone
WELL_133,10373.96,53.1,117.19,2.329,0.15,Limestone
WELL_134,9522.18,111.55,9.88,2.676,0.297,Shale
WELL_135,9983.68,51.88,84.91,2.368,0.192,Limestone
WELL_136,11322.64,127.07,7.53,2.665,0.256,Shale
WELL_137,5670.76,110.97,4.68,2.754,0.332,Shale
WELL_138,6906.88,27.17,206.97,2.171,0.145,Sandstone
WELL_139,12755.28,34.67,158.26,2.123,0.143,Sandstone
WELL_140,10596.4,71.66,50.22,2.276,0.163,Limestone
WELL_141,11440.0,109.86,6.89,2.516,0.299,Shale
WELL_142,11589.24,31.38,177.22,2.219,0.117,Sandstone
WELL_143,11527.46,42.22,134.84,2.138,0.155,Sandstone
WELL_144,13556.96,31.49,170.83,2.245,0.112,Sandstone
WELL_145,7931.48,31.39,226.37,2.094,0.158,Sandstone
WELL_146,8796.92,34.96,182.94,2.318,0.176,Limestone
WELL_147,10520.47,19.43,204.24,2.078,0.193,Sandstone
WELL_148,12998.55,33.96,113.65,2.429,0.199,Limestone
WELL_149,11334.78,109.55,7.83,2.618,0.262,Shale
WELL_150,7723.07,47.53,117.46,2.316,0.203,Limestone
WELL_151,11514.2,36.96,140.87,2.213,0.089,Sandstone
WELL_152,11650.37,107.96,9.58,2.697,0.393,Shale
WELL_153,6662.83,87.39,4.16,2.563,0.331,Shale
WELL_154,8892.96,50.82,135.96,2.308,0.217,Limestone
WELL_155,10664.05,101.15,3.94,2.541,0.372,Shale
WELL_156,7149.4,79.98,120.86,2.385,0.205,Limestone
WELL_157,8342.44,106.37,8.37,2.754,0.326,Shale
WELL_158,9954.91,50.77,137.28,2.389,0.19,Limestone
WELL_159,12994.16,28.73,252.5,2.237,0.123,Sandstone
WELL_160,5915.82,41.95,157.88,2.292,0.234,Limestone
WELL_161,13729.46,54.11,148.62,2.389,0.16,Limestone
WELL_162,13491.96,43.17,204.75,2.283,0.172,Sandstone
WELL_163,6805.75,54.16,80.17,2.401,0.206,Limestone
WELL_164,14710.58,64.82,134.02,2.402,0.194,Limestone
WELL_165,8191.0,114.41,10.04,2.602,0.331,Shale
WELL_166,12247.67,38.14,145.03,2.328,0.238,Limestone
WELL_167,8187.53,112.2,6.68,2.687,0.338,Shale
WELL_168,5244.01,43.68,191.32,2.072,0.158,Sandstone
WELL_169,9798.76,116.23,11.2,2.569,0.386,Shale
WELL_170,12375.82,128.8,8.94,2.499,0.26,Shale
WELL_171,7963.08,30.8,168.73,2.072,0.112,Sandstone
WELL_172,14499.61,85.99,4.38,2.536,0.357,Shale
WELL_173,11134.11,44.84,171.44,2.176,0.16,Sandstone
WELL_174,6765.28,69.01,178.63,2.302,0.202,Limestone
WELL_175,5578.43,47.52,113.34,2.348,0.236,Limestone
WELL_176,6538.96,109.4,4.48,2.648,0.372,Shale
WELL_177,10929.4,48.37,148.99,2.39,0.155,Limestone
WELL_178,6295.15,26.6,186.59,2.151,0.158,Sandstone
WELL_179,5869.87,58.43,140.03,2.413,0.26,Limestone
WELL_180,9958.76,17.51,129.71,2.251,0.111,Sandstone
WELL_181,9805.87,48.79,136.71,2.379,0.236,Limestone
WELL_182,10657.32,133.08,9.03,2.679,0.285,Shale
WELL_183,13505.82,62.01,119.22,2.41,0.233,Limestone
WELL_184,11801.41,59.87,151.45,2.405,0.226,Limestone
WELL_185,8351.19,71.59,149.46,2.372,0.204,Limestone
WELL_186,10074.68,28.1,199.8,2.213,0.152,Sandstone
WELL_187,11340.06,36.91,181.86,2.071,0.162,Sandstone
WELL_188,10412.67,137.43,8.64,2.616,0.314,Shale
WELL_189,6025.1,34.05,191.16,2.229,0.146,Sandstone
WELL_190,12081.72,57.11,142.26,2.371,0.188,Limestone
WELL_191,5457.42,56.6,109.0,2.44,0.154,Limestone
WELL_192,12704.07,38.67,158.97,2.17,0.079,Sandstone
WELL_193,6636.24,48.34,186.43,2.308,0.134,Limestone
WELL_194,7732.6,124.73,10.96,2.667,0.382,Shale
WELL_195,8975.94,124.75,7.7,2.711,0.287,Shale
WELL_196,5311.34,43.98,171.74,2.123,0.12,Sandstone
WELL_197,14681.93,22.48,237.75,2.173,0.174,Sandstone
WELL_198,13447.83,119.05,7.31,2.642,0.359,Shale
WELL_199,12965.37,124.64,11.99,2.612,0.358,Shale
WELL_200,9303.06,24.69,178.01,2.21,0.117,Sandstone
WELL_201,7689.93,34.6,122.77,2.19,0.12,Sandstone
WELL_202,5724.47,28.65,219.83,2.158,0.139,Sandstone
WELL_203,11949.82,49.57,57.28,2.301,0.223,Limestone
WELL_204,6049.3,38.72,199.15,2.178,0.123,Sandstone
WELL_205,10596.49,34.96,133.67,2.3,0.166,Sandstone
WELL_206,5785.78,44.48,131.13,2.367,0.197,Limestone
WELL_207,13005.87,99.98,7.16,2.708,0.356,Shale
WELL_208,12064.76,30.07,162.2,2.202,0.116,Sandstone
WELL_209,12140.87,55.72,110.59,2.415,0.212,Limestone
WELL_210,13172.98,29.21,223.56,2.189,0.169,Sandstone
WELL_211,5816.3,55.75,152.43,2.319,0.146,Sandstone
WELL_212,9981.96,42.62,114.12,2.411,0.234,Limestone
WELL_213,6995.42,140.91,9.31,2.602,0.335,Shale
WELL_214,12271.69,48.97,136.35,2.435,0.197,Limestone
WELL_215,14876.5,30.17,242.96,2.082,0.096,Sandstone
WELL_216,13734.23,91.57,14.01,2.594,0.401,Shale
WELL_217,14123.63,52.93,156.51,2.413,0.153,Limestone
WELL_218,6315.68,61.39,92.39,2.449,0.223,Limestone
WELL_219,14713.95,122.41,8.78,2.567,0.303,Shale
WELL_220,13707.5,38.24,168.34,2.048,0.138,Sandstone
WELL_221,6635.24,64.26,44.54,2.437,0.148,Limestone
WELL_222,8251.9,59.49,127.39,2.42,0.163,Limestone
WELL_223,7360.5,49.39,140.4,2.378,0.214,Limestone
WELL_224,7487.14,14.05,190.17,2.159,0.177,Sandstone
WELL_225,5366.71,73.01,155.51,2.363,0.19,Limestone
WELL_226,13056.7,127.71,11.67,2.673,0.326,Shale
WELL_227,7697.5,130.45,8.72,2.584,0.322,Shale
WELL_228,14338.75,55.58,109.37,2.373,0.169,Limestone
WELL_229,9547.4,55.94,70.05,2.426,0.21,Limestone
WELL_230,5299.74,83.49,16.81,2.548,0.346,Shale
WELL_231,14699.12,131.62,4.88,2.637,0.288,Shale
WELL_232,6771.5,58.32,110.48,2.434,0.195,Limestone
WELL_233,9971.75,128.05,9.49,2.609,0.345,Shale
WELL_234,14309.49,44.63,192.3,2.144,0.142,Sandstone
WELL_235,8938.64,46.06,227.48,2.231,0.106,Sandstone
WELL_236,12823.85,27.28,191.87,2.26,0.132,Sandstone
WELL_237,8270.33,51.14,198.14,2.16,0.169,Sandstone
WELL_238,9355.83,130.7,9.71,2.643,0.355,Shale
WELL_239,8245.86,33.5,185.02,2.166,0.14,Sandstone
WELL_240,9486.94,39.66,80.69,2.336,0.247,Limestone
WELL_241,11194.9,47.33,90.31,2.462,0.23,Limestone
WELL_242,9791.82,12.51,152.68,2.185,0.174,Sandstone
WELL_243,11079.05,38.33,80.64,2.431,0.273,Limestone
WELL_244,14270.35,41.8,203.02,2.16,0.152,Sandstone
WELL_245,7848.73,27.46,168.77,2.045,0.137,Sandstone
WELL_246,11103.34,44.71,155.3,2.027,0.152,Sandstone
WELL_247,6811.49,43.12,158.22,2.331,0.193,Limestone
WELL_248,6068.77,43.37,146.53,2.472,0.207,Limestone
WELL_249,13059.93,19.07,197.62,2.178,0.157,Sandstone
WELL_250,11016.12,29.21,182.55,2.218,0.144,Sandstone
WELL_251,11109.81,35.49,181.62,2.124,0.12,Sandstone
WELL_252,7368.71,46.49,167.96,2.158,0.163,Sandstone
WELL_253,11675.5,104.22,10.68,2.582,0.38,Shale
WELL_254,6680.14,37.39,148.72,2.358,0.103,Sandstone
WELL_255,5236.39,62.61,142.41,2.371,0.196,Limestone
WELL_256,8909.06,47.25,244.94,2.057,0.148,Sandstone
WELL_257,9282.0,113.68,15.74,2.552,0.396,Shale
WELL_258,10783.87,66.72,163.12,2.395,0.184,Limestone
WELL_259,7266.56,109.31,7.39,2.565,0.289,Shale
WELL_260,13003.57,29.13,172.1,2.119,0.141,Sandstone
WELL_261,10329.58,57.81,83.32,2.397,0.225,Limestone
WELL_262,12306.51,23.27,130.66,2.236,0.198,Sandstone
WELL_263,6753.03,46.54,128.33,2.408,0.202,Limestone
WELL_264,9503.71,43.11,148.88,2.334,0.202,Limestone
WELL_265,14271.78,46.17,167.08,2.435,0.218,Limestone
WELL_266,13420.33,106.99,3.78,2.604,0.361,Shale
WELL_267,6277.13,58.19,195.73,2.195,0.131,Sandstone
WELL_268,8601.36,122.56,9.75,2.536,0.294,Shale
WELL_269,11005.94,87.46,9.52,2.534,0.244,Shale
WELL_270,13514.25,43.36,181.25,2.2,0.14,Sandstone
WELL_271,13680.57,35.82,176.04,2.254,0.131,Sandstone
WELL_272,9029.8,40.68,203.98,2.139,0.133,Sandstone
WELL_273,11409.72,61.44,103.05,2.381,0.2,Limestone
WELL_274,12648.1,111.62,8.59,2.748,0.318,Shale
WELL_275,8675.34,115.16,4.06,2.536,0.318,Shale
WELL_276,10061.42,122.62,8.16,2.492,0.304,Shale
WELL_277,11195.88,100.91,7.57,2.527,0.354,Shale
WELL_278,14948.66,100.5,9.25,2.559,0.327,Shale
WELL_279,11921.61,56.78,119.89,2.349,0.191,Limestone
WELL_280,11238.96,35.16,150.85,2.057,0.167,Sandstone
WELL_281,8677.59,24.35,158.03,2.312,0.193,Limestone
WELL_282,5110.31,69.49,120.5,2.424,0.223,Limestone
WELL_283,10353.1,48.08,52.27,2.353,0.212,Limestone
WELL_284,13443.57,25.06,178.76,2.023,0.202,Sandstone
WELL_285,12373.57,34.73,142.67,2.145,0.113,Sandstone
WELL_286,12850.17,80.46,6.67,2.548,0.239,Shale
WELL_287,7546.71,46.97,161.2,2.35,0.255,Limestone
WELL_288,13951.18,113.67,10.76,2.685,0.379,Shale
WELL_289,6501.69,48.02,242.46,2.183,0.117,Sandstone
WELL_290,5847.92,35.89,248.89,2.162,0.143,Sandstone
WELL_291,8497.03,31.35,187.39,2.072,0.111,Sandstone
WELL_292,5983.96,41.8,226.31,2.144,0.127,Sandstone
WELL_293,11246.64,69.23,151.57,2.43,0.177,Limestone
WELL_294,12746.34,96.21,6.49,2.617,0.293,Shale
WELL_295,14799.7,39.56,266.6,2.129,0.168,Sandstone
WELL_296,11564.79,136.83,13.4,2.645,0.354,Shale
WELL_297,9394.05,31.35,146.43,2.096,0.081,Sandstone
WELL_298,6974.7,123.69,8.44,2.571,0.317,Shale
WELL_299,13613.7,119.61,10.45,2.652,0.307,Shale
WELL_300,12284.91,43.38,147.45,2.277,0.136,Sandstone
WELL_301,14846.7,41.63,226.94,2.194,0.101,Sandstone
WELL_302,7135.11,113.58,7.74,2.649,0.353,Shale
WELL_303,10903.48,69.86,130.64,2.395,0.251,Limestone
WELL_304,13733.23,16.01,183.14,2.325,0.159,Sandstone
WELL_305,5093.32,47.9,206.93,2.169,0.103,Sandstone
WELL_306,7040.36,64.94,102.2,2.444,0.187,Limestone
WELL_307,8553.85,75.04,141.84,2.32,0.213,Limestone
WELL_308,6488.88,37.78,238.19,2.064,0.107,Sandstone
WELL_309,13861.96,42.22,165.09,2.318,0.128,Sandstone
WELL_310,5032.18,18.01,238.29,2.314,0.117,Sandstone
WELL_311,11423.26,19.74,230.5,2.136,0.217,Sandstone
WELL_312,11034.88,116.9,5.94,2.712,0.405,Shale
WELL_313,9982.56,130.36,9.78,2.647,0.308,Shale
WELL_314,10172.69,131.74,6.05,2.657,0.357,Shale
WELL_315,5886.0,23.58,172.25,2.123,0.084,Sandstone
WELL_316,9212.48,122.2,3.9,2.611,0.353,Shale
WELL_317,13398.02,47.21,203.28,2.162,0.111,Sandstone
WELL_318,8622.35,46.99,102.51,2.08,0.15,Sandstone
WELL_319,7592.97,117.11,2.69,2.619,0.324,Shale
WELL_320,13026.43,45.33,172.2,2.15,0.152,Sandstone
WELL_321,9368.51,97.45,0.5,2.598,0.401,Shale
WELL_322,6353.54,128.5,10.33,2.621,0.286,Shale
WELL_323,7617.06,126.49,11.68,2.594,0.322,Shale
WELL_324,12593.98,120.33,7.34,2.55,0.293,Shale
WELL_325,5336.14,137.39,7.19,2.599,0.3,Shale
WELL_326,13998.33,56.22,96.07,2.292,0.169,Limestone
WELL_327,12308.21,55.8,145.48,2.302,0.184,Limestone
WELL_328,14720.05,41.68,147.01,2.313,0.272,Limestone
WELL_329,13506.16,35.62,164.94,2.343,0.176,Limestone
WELL_330,12078.35,67.21,209.9,2.365,0.205,Limestone
WELL_331,6657.75,102.59,8.26,2.536,0.213,Shale
WELL_332,10454.32,30.52,260.4,2.322,0.109,Sandstone
WELL_333,5519.57,35.21,150.88,2.165,0.181,Sandstone
WELL_334,8302.15,105.57,9.81,2.557,0.31,Shale
WELL_335,13795.82,36.23,244.99,2.206,0.132,Sandstone
WELL_336,12720.12,31.4,200.46,2.205,0.139,Sandstone
WELL_337,6054.74,65.6,127.66,2.371,0.296,Limestone
WELL_338,14644.77,67.46,145.16,2.445,0.183,Limestone
WELL_339,10775.93,56.36,86.85,2.426,0.18,Limestone
WELL_340,10330.29,46.88,201.47,2.241,0.134,Sandstone
WELL_341,13571.79,60.82,104.61,2.348,0.231,Limestone
WELL_342,13939.9,111.02,9.45,2.567,0.309,Shale
WELL_343,5834.64,25.45,196.94,2.345,0.108,Sandstone
WELL_344,9177.61,36.92,189.65,2.222,0.14,Sandstone
WELL_345,6622.33,42.25,142.85,2.371,0.23,Limestone
WELL_346,13902.58,115.49,7.2,2.708,0.339,Shale
WELL_347,13190.64,57.33,119.41,2.397,0.191,Limestone
WELL_348,13216.37,76.69,140.52,2.365,0.141,Limestone
WELL_349,8352.08,13.78,155.69,2.284,0.139,Sandstone
WELL_350,8479.41,40.46,146.4,2.135,0.128,Sandstone
WELL_351,8523.75,74.38,120.33,2.441,0.246,Limestone
WELL_352,6262.65,33.97,229.01,2.183,0.144,Sandstone
WELL_353,6748.81,23.21,227.51,2.143,0.146,Sandstone
WELL_354,11428.82,30.98,200.97,2.139,0.163,Sandstone
WELL_355,5331.89,56.52,188.17,2.33,0.18,Limestone
WELL_356,11649.85,45.29,127.33,2.238,0.16,Sandstone
WELL_357,6109.89,59.92,122.76,2.414,0.257,Limestone
WELL_358,8804.01,17.95,88.92,2.191,0.173,Sandstone
WELL_359,7800.37,106.97,7.73,2.62,0.338,Shale
WELL_360,13049.07,30.65,210.02,2.196,0.15,Sandstone
WELL_361,13727.54,43.77,162.58,2.353,0.224,Limestone
WELL_362,7418.94,38.4,154.17,2.107,0.143,Sandstone
WELL_363,7972.38,54.77,120.9,2.42,0.152,Limestone
WELL_364,10932.22,67.6,104.08,2.401,0.227,Limestone
WELL_365,5636.41,33.96,173.25,2.186,0.175,Sandstone
WELL_366,13292.87,59.17,164.91,2.393,0.219,Limestone
WELL_367,8169.47,36.9,220.04,1.964,0.16,Sandstone
WELL_368,9433.8,137.11,6.94,2.653,0.339,Shale
WELL_369,7374.33,74.35,169.45,2.462,0.222,Limestone
WELL_370,11522.24,43.41,130.9,2.367,0.128,Limestone
WELL_371,11341.04,56.48,146.54,2.382,0.251,Limestone
WELL_372,5456.49,53.73,124.47,2.358,0.134,Limestone
WELL_373,11107.8,108.56,5.92,2.516,0.327,Shale
WELL_374,5076.64,101.59,5.99,2.588,0.33,Shale
WELL_375,10126.68,31.91,149.91,2.206,0.18,Sandstone
WELL_376,11170.67,59.53,124.59,2.341,0.194,Limestone
WELL_377,9935.47,51.17,106.12,2.434,0.201,Limestone
WELL_378,9110.21,109.01,6.04,2.517,0.256,Shale
WELL_379,13237.9,37.67,200.35,2.054,0.167,Sandstone
WELL_380,8838.39,117.17,6.16,2.558,0.344,Shale
WELL_381,12511.78,82.72,5.84,2.587,0.291,Shale
WELL_382,8619.2,40.12,173.27,2.278,0.175,Sandstone
WELL_383,11125.73,53.82,130.57,2.415,0.207,Limestone
WELL_384,6421.37,59.58,149.1,2.383,0.178,Limestone
WELL_385,10772.0,114.5,7.38,2.592,0.255,Shale
WELL_386,13456.04,85.61,10.2,2.651,0.381,Shale
WELL_387,8063.13,105.31,13.33,2.528,0.367,Shale
WELL_388,13575.62,32.34,237.34,2.222,0.155,Sandstone
WELL_389,8711.72,33.66,212.43,2.243,0.088,Sandstone
WELL_390,6668.6,138.78,10.34,2.541,0.389,Shale
WELL_391,6544.6,41.73,123.55,2.365,0.223,Limestone
WELL_392,5717.12,55.59,125.16,2.309,0.236,Limestone
WELL_393,8645.94,18.17,147.77,2.257,0.188,Sandstone
WELL_394,5275.37,53.91,161.52,2.176,0.106,Sandstone
WELL_395,5309.56,61.56,130.19,2.358,0.197,Limestone
WELL_396,14000.83,24.02,165.53,2.036,0.129,Sandstone
WELL_397,14840.13,63.36,119.99,2.439,0.211,Limestone
WELL_398,6541.45,91.91,3.54,2.632,0.248,Shale
WELL_399,9404.41,52.33,269.25,2.231,0.155,Sandstone
WELL_400,14664.17,99.05,5.38,2.524,0.295,Shale
WELL_401,9440.44,15.21,209.92,2.094,0.147,Sandstone
WELL_402,10693.77,32.95,273.37,2.203,0.167,Sandstone
WELL_403,9755.46,96.56,9.49,2.572,0.326,Shale
WELL_404,13699.69,92.13,8.72,2.616,0.401,Shale
WELL_405,7757.68,38.08,164.33,2.202,0.13,Sandstone
WELL_406,13635.48,113.13,4.48,2.599,0.346,Shale
WELL_407,12617.98,33.72,167.86,2.335,0.18,Limestone
WELL_408,13655.77,57.89,57.41,2.516,0.192,Limestone
WELL_409,10735.29,114.18,8.86,2.631,0.356,Shale
WELL_410,10104.32,68.99,123.87,2.373,0.23,Limestone
WELL_411,11877.22,62.87,135.84,2.379,0.188,Limestone
WELL_412,8587.16,66.42,163.03,2.36,0.178,Limestone
WELL_413,7946.19,28.73,214.5,2.256,0.155,Sandstone
WELL_414,12689.23,61.18,151.47,2.401,0.182,Limestone
WELL_415,5886.05,69.27,151.25,2.398,0.232,Limestone
WELL_416,5660.1,102.7,7.93,2.502,0.265,Shale
WELL_417,5768.62,45.49,120.76,2.285,0.206,Limestone
WELL_418,5729.02,49.55,180.12,2.166,0.142,Sandstone
WELL_419,13034.83,18.92,149.49,2.118,0.112,Sandstone
WELL_420,9764.37,112.68,10.1,2.583,0.355,Shale
WELL_421,8578.14,41.35,130.43,2.185,0.148,Sandstone
WELL_422,9493.5,26.45,193.4,2.181,0.17,Sandstone
WELL_423,7419.32,76.61,167.17,2.39,0.185,Limestone
WELL_424,10201.7,65.12,146.78,2.392,0.241,Limestone
WELL_425,7842.74,38.92,159.64,2.178,0.087,Sandstone
WELL_426,7761.7,120.03,5.16,2.562,0.331,Shale
WELL_427,8162.7,110.08,8.47,2.65,0.295,Shale
WELL_428,8133.48,51.72,106.67,2.416,0.185,Limestone
WELL_429,8773.18,37.63,187.74,2.248,0.136,Sandstone
WELL_430,12038.57,54.21,189.45,2.458,0.16,Limestone
WELL_431,7980.52,129.48,11.71,2.605,0.338,Shale
WELL_432,8600.5,37.03,168.61,2.145,0.144,Sandstone
WELL_433,7088.83,55.01,148.04,2.308,0.131,Limestone
WELL_434,13503.48,38.15,87.51,2.442,0.19,Limestone
WELL_435,7157.41,124.33,4.58,2.662,0.327,Shale
WELL_436,11516.4,66.65,178.07,2.343,0.187,Limestone
WELL_437,12132.07,101.96,11.38,2.529,0.396,Shale
WELL_438,5580.92,117.88,7.56,2.547,0.273,Shale
WELL_439,5146.93,35.41,139.91,2.239,0.125,Sandstone
WELL_440,9042.9,19.75,134.65,2.163,0.061,Sandstone
WELL_441,14634.99,83.95,153.54,2.379,0.192,Limestone
WELL_442,12729.21,145.27,8.65,2.663,0.301,Shale
WELL_443,6202.07,121.58,8.06,2.64,0.354,Shale
WELL_444,8717.39,44.81,150.31,2.007,0.148,Sandstone
WELL_445,12803.76,36.65,182.04,2.194,0.147,Sandstone
WELL_446,7282.35,80.9,5.19,2.576,0.323,Shale
WELL_447,5578.44,33.97,114.27,2.166,0.19,Sandstone
WELL_448,7253.81,61.45,131.55,2.37,0.18,Limestone
WELL_449,10782.98,109.37,7.05,2.677,0.352,Shale
WELL_450,11741.3,38.26,165.22,2.076,0.187,Sandstone
WELL_451,9699.88,45.27,92.27,2.368,0.214,Limestone
WELL_452,14579.34,119.95,9.86,2.535,0.324,Shale
WELL_453,5762.39,35.71,135.54,2.481,0.2,Limestone
WELL_454,9328.16,65.1,111.47,2.489,0.143,Limestone
WELL_455,14606.27,93.64,7.2,2.574,0.354,Shale
WELL_456,10935.61,55.58,139.96,2.359,0.151,Limestone
WELL_457,12573.1,36.9,153.52,2.214,0.141,Sandstone
WELL_458,11406.15,34.15,130.27,2.103,0.165,Sandstone
WELL_459,9988.96,25.44,198.9,2.299,0.151,Sandstone
WELL_460,7220.76,62.42,123.78,2.411,0.162,Limestone
WELL_461,9287.02,43.82,161.92,2.142,0.148,Sandstone
WELL_462,7888.85,54.76,115.4,2.34,0.21,Limestone
WELL_463,8924.58,42.44,172.75,2.128,0.18,Sandstone
WELL_464,8571.21,118.71,8.45,2.606,0.354,Shale
WELL_465,11566.31,46.78,153.72,2.281,0.227,Limestone
WELL_466,5389.3,46.48,112.07,2.304,0.201,Limestone
WELL_467,9366.14,30.93,207.45,2.188,0.158,Sandstone
WELL_468,8530.5,123.24,15.9,2.552,0.368,Shale
WELL_469,9975.4,33.11,216.87,2.17,0.185,Sandstone
WELL_470,13550.3,39.09,126.98,2.136,0.109,Sandstone
WELL_471,8321.91,75.94,8.6,2.626,0.346,Shale
WELL_472,13758.83,130.56,10.22,2.543,0.347,Shale
WELL_473,6278.67,17.21,192.79,2.14,0.138,Sandstone
WELL_474,8039.43,125.35,0.5,2.556,0.289,Shale
WELL_475,9226.29,41.79,134.05,2.233,0.154,Sandstone
WELL_476,6816.14,42.25,94.05,2.423,0.217,Limestone
WELL_477,10906.38,42.83,169.94,2.132,0.183,Sandstone
WELL_478,6673.21,47.82,136.86,2.47,0.211,Limestone
WELL_479,7965.6,39.18,236.06,2.232,0.095,Sandstone
WELL_480,10088.91,129.56,10.41,2.602,0.292,Shale
WELL_481,12143.27,62.28,124.5,2.407,0.227,Limestone
WELL_482,13616.91,127.24,7.78,2.665,0.367,Shale
WELL_483,8356.1,65.07,111.48,2.352,0.167,Limestone
WELL_484,9962.59,67.7,158.13,2.412,0.203,Limestone
WELL_485,8843.55,24.08,164.52,2.236,0.165,Sandstone
WELL_486,13171.28,34.4,198.19,2.242,0.11,Sandstone
WELL_487,12184.54,40.01,181.99,2.181,0.12,Sandstone
WELL_488,8965.54,32.62,190.76,2.199,0.182,Sandstone
WELL_489,11727.03,107.82,5.41,2.642,0.314,Shale
WELL_490,13328.3,28.51,210.88,2.269,0.198,Sandstone
WELL_491,8067.77,31.31,185.74,2.038,0.152,Sandstone
WELL_492,9045.27,70.0,84.55,2.441,0.174,Limestone
WELL_493,5565.86,106.96,2.88,2.533,0.379,Shale
WELL_494,11322.82,123.12,7.54,2.683,0.376,Shale
WELL_495,7778.53,50.68,90.22,2.359,0.208,Limestone
WELL_496,14706.77,48.92,79.95,2.314,0.202,Limestone
WELL_497,9227.29,32.7,143.03,2.251,0.171,Sandstone
WELL_498,9830.4,98.38,3.02,2.55,0.303,Shale
WELL_499,11036.37,25.78,139.84,2.197,0.142,Sandstone
WELL_500,11236.49,54.0,135.57,2.39,0.176,Limestone
