well_id,field,depth_m,pressure_psi,temperature_c,porosity,permeability_mD,water_cut,gas_oil_ratio,production_bpd,well_status
1,Field_C,4594.0,4098.0,119.8,0.323,175.7,0.765,845.3,1942.0,High
2,Field_A,3042.0,4701.0,122.3,0.189,175.7,0.679,851.0,1869.0,High
3,Field_C,3486.0,3398.0,137.4,0.091,400.2,0.773,788.7,1395.0,Medium
4,Field_C,3772.0,3944.0,84.1,0.152,103.2,0.951,539.6,1299.0,Medium
5,Field_A,3172.0,2096.0,146.2,0.099,39.3,0.776,869.7,1115.0,Low
6,Field_A,3463.0,3401.0,133.9,0.101,6.8,0.611,653.5,1701.0,High
7,Field_C,3304.0,2514.0,113.5,0.334,80.6,0.857,955.2,1436.0,Medium
8,Field_B,3516.0,3616.0,96.2,0.184,53.9,0.673,1074.4,1333.0,Medium
9,Field_C,2483.0,3689.0,145.0,0.287,214.7,0.408,438.9,1312.0,Medium
10,Field_C,3102.0,3686.0,114.0,0.242,65.6,0.886,1074.8,2080.0,High
11,Field_C,3241.0,3116.0,119.6,0.253,446.6,0.222,717.8,1881.0,High
12,Field_C,3234.0,5339.0,127.7,0.09,,0.715,773.8,2232.0,High
13,Field_A,3569.0,2486.0,101.7,0.12,145.5,0.882,617.5,1712.0,High
14,Field_C,3223.0,2437.0,114.4,0.286,396.0,,837.7,1523.0,Medium
15,Field_B,2428.0,4824.0,137.3,,214.6,0.697,813.4,1490.0,Medium
16,Field_A,3296.0,2937.0,135.3,0.129,118.7,0.753,1015.4,1092.0,Low
17,Field_B,2558.0,2744.0,135.5,0.131,29.8,0.465,651.7,995.0,Low
18,Field_B,2650.0,5342.0,96.9,0.192,92.0,0.874,1132.2,1703.0,High
19,Field_B,2791.0,4289.0,115.3,0.345,,0.203,932.9,1126.0,Low
20,Field_B,2944.0,3024.0,112.1,0.131,299.2,0.127,818.2,1585.0,Medium
21,Field_A,2228.0,3674.0,128.5,0.172,98.5,0.286,763.8,1946.0,High
22,Field_A,3558.0,5057.0,126.7,,341.9,0.532,738.7,1234.0,Medium
23,Field_B,2422.0,4053.0,123.1,0.051,168.3,0.511,751.7,2304.0,High
24,Field_B,3785.0,4529.0,169.3,0.062,22.1,0.821,833.7,1104.0,Low
25,Field_A,2438.0,4144.0,114.2,0.231,794.2,0.405,758.2,1896.0,High
26,Field_A,3641.0,4244.0,111.8,0.322,112.4,0.484,671.9,1670.0,High
27,Field_A,2986.0,3532.0,96.9,0.122,74.6,0.013,834.9,1978.0,High
28,Field_C,2142.0,3509.0,89.2,0.191,161.4,0.41,632.7,1054.0,Low
29,Field_C,2479.0,3714.0,95.6,,17.3,0.648,864.5,2423.0,High
30,Field_C,3663.0,4088.0,105.6,0.192,,0.016,755.4,1428.0,Medium
31,Field_B,3224.0,3273.0,146.2,,103.4,0.281,939.3,1771.0,High
32,Field_C,2961.0,3598.0,120.8,0.191,,0.208,997.8,2078.0,High
33,Field_B,1892.0,3252.0,123.9,0.184,458.7,0.042,997.7,1258.0,Medium
34,Field_B,3695.0,3593.0,118.1,0.192,110.9,0.479,863.6,1830.0,High
35,Field_C,3935.0,2499.0,127.3,0.227,37.1,0.182,887.0,1191.0,Low
36,Field_B,3844.0,5585.0,148.0,0.211,92.1,0.743,735.4,2059.0,High
37,Field_C,2692.0,2914.0,80.1,0.306,377.7,0.848,935.5,1196.0,Low
38,Field_C,3191.0,3211.0,144.4,0.065,29.1,0.546,958.1,1515.0,Medium
39,Field_A,3246.0,2845.0,69.7,0.3,36.1,0.982,486.5,1622.0,High
40,Field_C,2236.0,3993.0,120.6,0.303,2.0,0.45,875.7,1814.0,High
41,Field_A,3090.0,3343.0,163.8,0.135,2.1,0.513,1073.6,2287.0,High
42,Field_C,3536.0,2729.0,133.6,0.189,265.3,0.989,728.7,1319.0,Medium
43,Field_C,3382.0,4026.0,127.5,0.182,197.6,0.232,685.1,1955.0,High
44,Field_A,2444.0,4133.0,160.0,0.116,65.8,0.943,716.0,2288.0,High
45,Field_A,2569.0,3446.0,105.9,0.169,179.8,0.043,499.0,1566.0,Medium
46,Field_C,3395.0,2969.0,128.7,0.063,75.4,0.446,825.2,1280.0,Medium
47,Field_B,3316.0,5253.0,131.6,0.133,458.3,0.07,806.0,808.0,Low
48,Field_A,1873.0,3772.0,109.6,0.295,511.9,0.729,839.4,2253.0,High
49,Field_B,1772.0,2481.0,111.3,0.135,74.8,0.608,883.2,1402.0,Medium
50,Field_B,2962.0,4631.0,109.1,0.295,,0.707,640.4,1099.0,Low
51,Field_B,2705.0,2815.0,121.7,0.209,222.5,0.374,854.6,957.0,Low
52,Field_A,2851.0,5694.0,130.9,0.314,55.7,0.369,888.6,1099.0,Low
53,Field_B,2794.0,3564.0,122.5,0.222,39.6,0.045,702.3,1868.0,High
54,Field_A,3492.0,4311.0,134.2,0.059,91.9,0.35,884.0,1923.0,High
55,Field_B,3052.0,1836.0,80.6,0.253,228.0,0.929,816.1,1761.0,High
56,Field_C,3134.0,2473.0,115.6,0.063,483.5,,673.8,1553.0,Medium
57,Field_C,2329.0,4567.0,99.5,0.185,216.3,0.831,856.6,1002.0,Low
58,Field_A,1318.0,3754.0,126.0,0.329,289.9,0.842,741.9,1208.0,Medium
59,Field_C,3562.0,5134.0,125.7,0.1,138.6,0.373,939.4,1057.0,Low
60,Field_C,4072.0,3888.0,117.7,0.167,,0.632,752.2,1729.0,High
61,Field_B,2829.0,3616.0,130.2,0.269,,0.095,542.0,1075.0,Low
62,Field_A,3125.0,4871.0,140.0,0.315,71.0,0.104,853.4,1214.0,Medium
63,Field_B,3162.0,4308.0,118.8,0.251,120.4,0.049,845.9,1427.0,Medium
64,Field_B,3838.0,3343.0,99.0,0.127,245.0,0.581,583.8,832.0,Low
65,Field_B,3444.0,2625.0,88.4,0.252,7.1,0.426,950.1,1519.0,Medium
66,Field_B,3248.0,1603.0,120.7,,247.6,0.548,939.6,1457.0,Medium
67,Field_B,3028.0,3150.0,124.8,0.266,29.4,0.521,626.0,1974.0,High
68,Field_B,3030.0,2551.0,100.6,0.336,108.4,0.35,668.1,1172.0,Low
69,Field_B,2280.0,5578.0,134.5,0.266,247.8,0.677,771.6,980.0,Low
70,Field_A,2808.0,2980.0,110.8,0.309,43.9,0.759,648.2,1350.0,Medium
71,Field_C,3443.0,2958.0,86.9,0.051,42.3,0.015,928.1,1061.0,Low
72,Field_B,2883.0,2283.0,145.1,0.265,77.3,0.207,829.8,1516.0,Medium
73,Field_B,3022.0,3287.0,142.9,0.299,337.6,0.713,581.3,756.0,Low
74,Field_B,2412.0,2968.0,79.7,0.062,0.1,0.387,635.5,1258.0,Medium
75,Field_B,3223.0,4890.0,108.7,0.311,347.5,0.662,1037.5,1129.0,Low
76,Field_B,2269.0,3635.0,108.0,0.127,25.1,0.347,1107.1,1727.0,High
77,Field_B,3145.0,3493.0,152.8,0.25,692.1,0.391,907.7,1176.0,Low
78,Field_C,2906.0,3392.0,118.0,0.29,464.7,0.159,757.7,806.0,Low
79,Field_C,2128.0,4129.0,90.1,,102.4,0.258,712.0,1419.0,Medium
80,Field_B,3535.0,3138.0,137.6,0.078,107.8,0.605,909.9,1628.0,High
81,Field_C,2918.0,4034.0,95.4,0.229,98.5,0.433,815.2,1392.0,Medium
82,Field_A,3930.0,4791.0,114.8,0.215,151.4,0.774,478.0,1255.0,Medium
83,Field_B,3739.0,3868.0,104.6,0.32,,0.853,1006.4,1231.0,Medium
84,Field_A,2560.0,3300.0,108.8,0.171,5.0,,1069.2,1545.0,Medium
85,Field_A,2604.0,2737.0,138.7,0.146,8.9,0.758,947.5,1144.0,Low
86,Field_B,2414.0,3280.0,150.4,0.275,88.1,0.307,581.7,1369.0,Medium
87,Field_C,2207.0,3950.0,94.5,0.174,48.4,0.415,672.6,1800.0,High
88,Field_A,2789.0,2274.0,132.5,0.244,145.9,0.713,428.5,979.0,Low
89,Field_B,3722.0,4165.0,105.3,0.244,732.8,0.386,1119.2,1483.0,Medium
90,Field_A,2043.0,3666.0,106.0,0.316,73.2,0.589,728.7,784.0,Low
91,Field_A,3426.0,3381.0,129.8,0.23,127.9,0.185,1266.7,1591.0,Medium
92,Field_A,3384.0,2972.0,99.4,0.201,80.6,0.6,1191.0,1108.0,Low
93,Field_A,3277.0,3119.0,129.4,0.092,281.9,0.862,619.3,1908.0,High
94,Field_C,3367.0,3978.0,134.6,0.085,348.8,0.869,658.3,909.0,Low
95,Field_A,2448.0,3397.0,111.3,0.096,314.8,0.724,893.2,1677.0,High
96,Field_A,3381.0,3099.0,146.5,0.102,549.6,0.746,449.1,1988.0,High
97,Field_A,2725.0,3875.0,94.5,0.241,4.2,0.558,712.3,1088.0,Low
98,Field_C,1770.0,3907.0,146.9,0.272,274.7,0.585,692.4,1155.0,Low
99,Field_A,3029.0,2501.0,81.1,0.209,209.0,0.134,1170.2,1122.0,Low
100,Field_A,2578.0,3957.0,174.0,0.299,39.0,0.444,832.2,1306.0,Medium
101,Field_C,3679.0,5501.0,111.9,0.347,469.6,0.451,743.0,1707.0,High
102,Field_C,2857.0,3876.0,96.8,0.296,24.1,0.958,673.7,1273.0,Medium
103,Field_C,3023.0,2141.0,115.3,0.258,170.7,0.431,978.8,1052.0,Low
104,Field_A,3195.0,3642.0,99.1,0.21,38.2,0.549,700.7,692.0,Low
105,Field_C,2866.0,2035.0,127.7,0.185,84.7,0.533,789.9,2141.0,High
106,Field_C,2948.0,6034.0,147.4,0.075,190.5,0.637,672.2,2172.0,High
107,Field_A,3422.0,5289.0,100.1,0.17,124.3,0.748,496.5,1724.0,High
108,Field_C,2467.0,2967.0,131.6,0.323,83.7,,600.8,1176.0,Low
109,Field_A,2649.0,1703.0,89.3,0.292,59.3,0.529,699.6,1799.0,High
110,Field_B,2516.0,2797.0,140.7,0.115,274.6,0.826,747.3,1879.0,High
111,Field_C,3718.0,3355.0,128.3,0.19,23.3,0.463,756.1,1398.0,Medium
112,Field_B,2649.0,2091.0,141.5,0.295,84.3,0.278,782.2,1517.0,Medium
113,Field_A,2928.0,3445.0,117.6,0.07,351.1,0.655,702.3,1993.0,High
114,Field_C,2700.0,3350.0,111.3,0.166,280.5,0.824,1069.8,844.0,Low
115,Field_A,2846.0,3600.0,136.3,0.306,76.9,0.063,989.6,1899.0,High
116,Field_B,2631.0,3684.0,93.8,0.171,216.0,0.777,773.0,1376.0,Medium
117,Field_A,3231.0,2728.0,85.1,0.073,259.9,0.822,850.9,1055.0,Low
118,Field_C,2480.0,2817.0,119.9,0.213,329.6,0.462,725.6,1088.0,Low
119,Field_C,2324.0,3536.0,112.2,0.309,118.0,,231.3,1154.0,Low
120,Field_B,2721.0,2995.0,131.1,0.227,34.3,0.787,804.1,1016.0,Low
121,Field_A,2601.0,4226.0,141.8,0.118,44.2,0.774,861.1,2209.0,High
122,Field_C,2331.0,3529.0,130.7,0.165,52.6,0.748,477.5,1696.0,High
123,Field_B,2838.0,4992.0,140.2,0.185,135.1,0.151,899.9,1926.0,High
124,Field_C,2170.0,4156.0,126.4,0.224,5.0,0.217,743.9,1725.0,High
125,Field_C,3864.0,4383.0,129.9,0.278,151.6,0.464,867.6,1524.0,Medium
126,Field_A,2254.0,3606.0,117.7,0.08,68.0,0.264,749.9,1530.0,Medium
127,Field_C,2677.0,3626.0,129.3,0.317,,0.415,1050.2,1341.0,Medium
128,Field_A,2798.0,4885.0,123.3,0.054,317.4,0.888,845.2,1374.0,Medium
129,Field_C,3842.0,3197.0,126.5,0.161,92.4,0.824,1000.5,937.0,Low
130,Field_B,2135.0,3937.0,116.7,0.058,15.0,0.63,1016.9,1933.0,High
131,Field_C,3071.0,3287.0,136.2,0.168,263.0,0.858,576.1,775.0,Low
132,Field_A,3519.0,3285.0,105.8,0.208,,0.784,652.2,1077.0,Low
133,Field_A,2845.0,2565.0,119.6,0.204,194.6,0.429,890.3,2305.0,High
134,Field_B,2415.0,2906.0,146.2,0.1,223.0,0.201,726.9,1554.0,Medium
135,Field_C,2946.0,2757.0,101.0,0.244,65.2,0.514,752.3,1571.0,Medium
136,Field_C,3764.0,3975.0,76.8,0.063,261.3,0.736,1057.3,1755.0,High
137,Field_B,2692.0,4332.0,127.3,0.279,108.7,0.436,737.9,884.0,Low
138,Field_C,3718.0,3424.0,114.9,0.334,93.3,0.667,606.2,942.0,Low
139,Field_C,3129.0,3684.0,140.2,0.152,7.0,0.094,633.2,1322.0,Medium
140,Field_A,3616.0,3378.0,117.4,0.205,51.4,0.748,1236.5,1139.0,Low
141,Field_C,3109.0,2851.0,107.9,0.164,401.1,0.813,764.4,1470.0,Medium
142,Field_C,2758.0,4190.0,118.5,0.052,74.6,0.707,527.2,1694.0,High
143,Field_B,3819.0,4022.0,141.9,0.166,118.7,0.967,446.1,2056.0,High
144,Field_B,3113.0,1986.0,131.5,0.288,113.9,0.827,675.1,1824.0,High
145,Field_A,3083.0,3274.0,71.3,0.229,133.9,0.903,760.7,1102.0,Low
146,Field_C,3404.0,2794.0,123.7,0.08,9.5,0.934,989.8,1350.0,Medium
147,Field_C,3462.0,3187.0,124.7,0.304,67.5,0.801,970.5,1241.0,Medium
148,Field_C,3406.0,2964.0,119.6,0.209,192.6,0.674,798.7,1093.0,Low
149,Field_A,2325.0,3463.0,107.8,0.303,33.6,,709.2,1002.0,Low
150,Field_A,2681.0,3236.0,143.9,0.224,34.1,0.466,867.9,2166.0,High
151,Field_B,2672.0,3219.0,144.9,0.218,1.5,0.571,450.3,1504.0,Medium
152,Field_A,2610.0,4386.0,75.9,0.082,86.3,0.304,1196.2,1410.0,Medium
153,Field_C,2564.0,3946.0,104.0,,321.5,0.318,930.8,1694.0,High
154,Field_C,2664.0,2937.0,117.1,0.342,8.0,0.961,973.4,1713.0,High
155,Field_A,3168.0,3056.0,139.0,0.119,31.8,0.892,585.2,1948.0,High
156,Field_C,3247.0,3893.0,120.7,0.343,55.7,0.849,1056.5,1203.0,Medium
157,Field_C,2999.0,3892.0,106.3,,197.4,0.406,708.0,1661.0,High
158,Field_A,2787.0,3017.0,134.2,0.091,153.5,0.014,609.5,1136.0,Low
159,Field_A,3638.0,3313.0,115.8,0.08,80.7,0.08,792.2,1424.0,Medium
160,Field_C,2954.0,4977.0,117.7,0.113,213.5,0.312,787.5,1523.0,Medium
161,Field_C,3469.0,3031.0,119.5,0.328,141.1,0.016,584.3,1562.0,Medium
162,Field_C,2715.0,5029.0,131.5,0.174,339.6,0.017,621.0,1544.0,Medium
163,Field_B,3207.0,4383.0,113.8,0.169,255.6,0.917,605.4,1821.0,High
164,Field_B,3671.0,4880.0,133.7,0.144,43.7,0.706,607.3,1261.0,Medium
165,Field_B,1696.0,2997.0,118.5,0.094,47.5,0.309,722.4,1573.0,Medium
166,Field_A,2672.0,3365.0,98.7,0.196,20.1,0.133,522.2,1196.0,Low
167,Field_B,3297.0,3141.0,119.3,0.089,61.6,0.512,661.7,2668.0,High
168,Field_A,3606.0,4401.0,99.7,0.301,1153.9,0.005,1009.0,1135.0,Low
169,Field_A,3102.0,3046.0,120.8,0.161,78.1,0.938,964.7,1220.0,Medium
170,Field_B,3025.0,4085.0,136.6,0.162,37.4,0.415,590.0,1853.0,High
171,Field_B,3805.0,4043.0,98.5,0.192,215.6,0.402,991.6,1328.0,Medium
172,Field_B,3637.0,3462.0,127.3,0.183,117.3,0.391,406.7,1853.0,High
173,Field_C,2566.0,4539.0,103.4,0.348,24.3,,1285.8,1561.0,Medium
174,Field_B,3058.0,3586.0,124.0,0.214,71.9,0.638,1060.1,1339.0,Medium
175,Field_C,3180.0,4167.0,137.2,0.076,,0.733,688.1,1199.0,Low
176,Field_A,3859.0,3104.0,77.4,,210.3,0.676,876.5,1184.0,Low
177,Field_C,3433.0,2921.0,97.7,0.095,3.1,0.138,519.8,1343.0,Medium
178,Field_B,2948.0,4085.0,112.6,0.059,47.0,0.579,812.1,1430.0,Medium
179,Field_A,3110.0,3845.0,126.3,0.341,109.3,0.569,763.3,1167.0,Low
180,Field_A,2058.0,3695.0,116.7,0.282,47.0,0.868,633.0,1456.0,Medium
181,Field_A,3484.0,3225.0,119.1,0.344,148.5,0.379,706.3,1062.0,Low
182,Field_C,3323.0,4739.0,160.9,0.193,98.6,0.371,686.6,1802.0,High
183,Field_B,3606.0,2607.0,95.8,0.21,67.3,0.619,573.7,1879.0,High
184,Field_A,2928.0,2563.0,142.7,0.101,447.0,0.633,628.4,1218.0,Medium
185,Field_A,3064.0,4254.0,113.0,0.124,150.0,0.469,511.6,1196.0,Low
186,Field_A,2759.0,4188.0,131.0,0.302,20.9,0.443,971.5,1571.0,Medium
187,Field_C,2426.0,3783.0,162.6,0.157,123.2,0.494,613.6,2006.0,High
188,Field_C,2699.0,3270.0,133.8,0.298,,0.861,555.6,2095.0,High
189,Field_B,2090.0,3902.0,127.4,0.263,184.9,,968.3,939.0,Low
190,Field_C,3457.0,4877.0,152.0,0.103,28.3,0.94,873.9,1903.0,High
191,Field_A,1913.0,5512.0,142.5,0.202,538.6,0.504,960.9,1475.0,Medium
192,Field_B,4016.0,2175.0,104.0,0.253,89.4,0.949,983.2,1483.0,Medium
193,Field_A,2118.0,3165.0,125.9,0.121,26.0,0.833,1187.5,1702.0,High
194,Field_A,3750.0,3115.0,85.7,0.299,29.8,0.362,768.8,1308.0,Medium
195,Field_C,2546.0,4801.0,109.2,0.213,15.5,,508.5,1939.0,High
196,Field_B,3281.0,1515.0,126.3,0.1,244.1,0.11,854.2,2070.0,High
197,Field_C,2624.0,3911.0,108.0,0.225,19.5,0.925,666.2,2085.0,High
198,Field_C,3837.0,3295.0,125.5,0.35,20.1,0.632,608.5,762.0,Low
199,Field_B,3022.0,4810.0,119.7,,285.0,0.054,820.0,1408.0,Medium
200,Field_A,3537.0,4701.0,130.7,0.295,63.4,0.644,973.2,726.0,Low
201,Field_A,3038.0,3792.0,111.5,0.112,4.7,0.974,632.8,1194.0,Low
202,Field_B,3176.0,2236.0,101.2,0.285,8.0,0.07,1054.9,541.0,Low
203,Field_A,3308.0,3041.0,149.6,0.27,23.0,0.555,602.1,1680.0,High
204,Field_B,2736.0,3128.0,110.1,0.14,36.0,0.748,751.2,1588.0,Medium
205,Field_B,2360.0,2439.0,133.2,0.148,164.1,0.81,877.3,1327.0,Medium
206,Field_C,2349.0,4424.0,148.7,0.288,25.7,0.414,722.4,1184.0,Low
207,Field_B,3025.0,2337.0,123.3,0.188,19.0,0.204,444.8,1626.0,High
208,Field_C,2756.0,5072.0,102.9,0.269,217.0,0.042,985.5,1095.0,Low
209,Field_A,1927.0,5070.0,116.4,0.094,166.8,,675.3,1068.0,Low
210,Field_A,3256.0,3192.0,140.4,0.306,85.7,0.453,949.0,1019.0,Low
211,Field_A,2391.0,3763.0,124.1,0.263,119.5,0.949,547.2,1418.0,Medium
212,Field_A,2420.0,3442.0,95.9,0.322,,0.061,581.3,1267.0,Medium
213,Field_C,2979.0,4221.0,131.9,0.09,98.8,0.685,972.5,1346.0,Medium
214,Field_A,2550.0,4520.0,135.4,0.228,106.0,,868.1,1709.0,High
215,Field_B,3061.0,3706.0,112.9,0.23,73.5,0.171,712.3,1885.0,High
216,Field_B,3987.0,3875.0,132.2,0.156,355.6,0.454,871.0,2080.0,High
217,Field_B,2810.0,3004.0,124.9,0.188,2.4,0.455,609.2,1524.0,Medium
218,Field_C,2470.0,3849.0,116.1,0.061,228.6,0.686,822.1,1639.0,High
219,Field_A,3091.0,3630.0,94.1,0.274,19.9,0.91,825.7,1576.0,Medium
220,Field_A,2612.0,2771.0,141.6,0.215,239.6,0.639,725.2,830.0,Low
221,Field_A,3012.0,3489.0,135.2,0.067,143.5,0.954,632.9,1352.0,Medium
222,Field_C,3158.0,3193.0,131.7,0.254,278.0,0.882,814.0,1354.0,Medium
223,Field_B,2982.0,3012.0,150.9,0.19,15.4,0.584,789.0,1296.0,Medium
224,Field_B,3028.0,2583.0,138.9,0.06,122.8,,706.8,1484.0,Medium
225,Field_A,3096.0,3550.0,133.7,,104.3,0.643,593.2,1412.0,Medium
226,Field_B,3799.0,2876.0,75.7,0.335,183.7,0.079,802.5,1105.0,Low
227,Field_B,2874.0,3123.0,143.9,0.204,114.6,0.741,707.3,1440.0,Medium
228,Field_C,3064.0,4360.0,121.7,0.078,116.7,0.095,593.1,1244.0,Medium
229,Field_C,3433.0,4006.0,126.2,0.276,84.2,0.594,808.7,452.0,Low
230,Field_C,3236.0,2717.0,126.4,0.198,55.4,0.703,1121.7,941.0,Low
231,Field_C,2821.0,3782.0,135.5,0.141,98.7,0.067,726.6,1536.0,Medium
232,Field_A,3451.0,3606.0,142.4,0.197,18.9,0.231,1099.6,1937.0,High
233,Field_C,2564.0,4861.0,132.7,0.207,,0.916,1222.9,529.0,Low
234,Field_B,2887.0,4607.0,129.5,0.219,188.0,0.616,609.3,1152.0,Low
235,Field_A,2614.0,2273.0,124.6,0.182,457.0,0.246,801.8,1673.0,High
236,Field_B,3288.0,4189.0,53.0,0.232,38.6,0.691,1220.7,1851.0,High
237,Field_B,3595.0,4512.0,114.2,0.326,317.2,0.597,775.8,1332.0,Medium
238,Field_B,3112.0,3947.0,101.2,0.159,248.2,0.502,807.4,1227.0,Medium
239,Field_C,3038.0,3232.0,144.2,0.268,169.6,0.976,466.0,1988.0,High
240,Field_C,2562.0,5431.0,132.4,0.318,147.1,0.683,693.7,1818.0,High
241,Field_A,2649.0,4021.0,110.8,0.187,57.1,0.375,911.1,1843.0,High
242,Field_A,2403.0,5081.0,112.8,0.183,254.3,0.8,1285.9,1313.0,Medium
243,Field_C,1912.0,4581.0,112.1,0.231,104.4,0.885,760.8,1945.0,High
244,Field_B,2804.0,3871.0,111.8,0.227,11.0,0.125,467.5,722.0,Low
245,Field_A,2851.0,3036.0,91.1,0.292,56.3,0.201,519.0,1952.0,High
246,Field_C,4086.0,3481.0,86.8,0.193,410.7,0.216,792.8,1473.0,Medium
247,Field_C,3781.0,3322.0,120.6,0.349,285.2,0.691,1035.4,1552.0,Medium
248,Field_C,3278.0,2528.0,141.5,0.068,601.8,0.603,927.5,1122.0,Low
249,Field_B,4042.0,4020.0,109.2,0.051,148.3,0.619,892.1,774.0,Low
250,Field_C,3695.0,4754.0,126.1,0.242,42.7,0.941,1061.8,1543.0,Medium
251,Field_C,1996.0,3261.0,134.7,0.14,26.7,0.776,656.0,1721.0,High
252,Field_C,3534.0,5231.0,100.1,,31.0,0.128,803.8,1781.0,High
253,Field_C,3356.0,2254.0,119.6,0.144,3.0,0.348,695.9,1738.0,High
254,Field_A,2855.0,4343.0,106.7,0.127,74.3,0.435,745.7,1647.0,High
255,Field_A,2292.0,4837.0,152.1,0.059,31.9,0.396,598.7,1130.0,Low
256,Field_C,3298.0,3337.0,151.2,0.341,79.6,0.669,731.2,1807.0,High
257,Field_B,1960.0,3351.0,100.2,0.116,,,794.5,1086.0,Low
258,Field_A,2989.0,4334.0,127.7,0.27,84.5,0.306,725.7,1943.0,High
259,Field_C,2691.0,3905.0,141.4,0.279,315.5,0.552,767.8,1466.0,Medium
260,Field_A,2371.0,1902.0,137.0,0.329,139.5,0.789,881.0,1480.0,Medium
261,Field_A,3594.0,2825.0,121.6,0.059,42.6,0.416,1047.7,1846.0,High
262,Field_B,2979.0,3489.0,146.1,0.312,66.0,0.168,1062.2,1901.0,High
263,Field_C,3087.0,2404.0,101.9,0.208,13.1,0.475,952.3,1808.0,High
264,Field_C,3454.0,3121.0,113.9,0.24,60.8,0.055,548.0,1172.0,Low
265,Field_B,2996.0,2424.0,102.4,0.243,169.8,0.942,727.9,1805.0,High
266,Field_B,3226.0,3204.0,135.6,0.296,11.2,0.075,745.1,1174.0,Low
267,Field_C,3408.0,3231.0,108.3,0.15,34.5,0.438,668.6,1815.0,High
268,Field_C,3283.0,3781.0,116.6,0.27,72.1,0.53,868.5,930.0,Low
269,Field_B,3143.0,3427.0,132.4,,603.0,0.985,481.1,1463.0,Medium
270,Field_A,3892.0,3902.0,134.0,0.288,230.5,0.166,1138.7,1172.0,Low
271,Field_A,3621.0,3807.0,101.9,0.347,198.3,0.114,1039.0,1848.0,High
272,Field_B,2957.0,4325.0,141.1,0.11,18.5,,895.6,1946.0,High
273,Field_A,2545.0,4199.0,129.1,0.348,227.8,0.156,787.6,1580.0,Medium
274,Field_B,3319.0,4114.0,98.4,0.077,230.8,0.207,1045.8,1566.0,Medium
275,Field_A,3108.0,5984.0,93.4,0.051,137.9,0.631,937.9,1782.0,High
276,Field_A,3854.0,3778.0,119.7,,696.3,0.22,1021.3,1948.0,High
277,Field_C,3494.0,5575.0,137.0,0.153,59.0,,788.2,1515.0,Medium
278,Field_C,3382.0,3830.0,137.5,0.24,425.2,0.827,1157.9,1300.0,Medium
279,Field_A,3006.0,3434.0,127.1,0.071,369.3,0.366,1033.4,1759.0,High
280,Field_A,2562.0,3201.0,121.0,0.052,1.7,,901.9,757.0,Low
281,Field_C,2901.0,4708.0,130.2,0.331,89.7,0.302,1051.2,1864.0,High
282,Field_C,3238.0,4812.0,102.9,0.297,566.5,0.975,716.2,1216.0,Medium
283,Field_C,2135.0,3980.0,153.7,0.293,16.3,0.17,566.5,1404.0,Medium
284,Field_B,3621.0,4407.0,153.5,0.315,119.0,0.898,864.3,1866.0,High
285,Field_A,4034.0,2478.0,128.6,0.26,579.2,0.777,788.6,1334.0,Medium
286,Field_C,2028.0,2261.0,123.9,0.081,121.6,0.076,760.5,1759.0,High
287,Field_A,2300.0,4497.0,111.8,0.17,31.6,0.987,1043.3,1956.0,High
288,Field_B,3115.0,3399.0,130.6,,,0.271,833.4,1544.0,Medium
289,Field_B,2709.0,4099.0,106.2,0.134,34.3,0.099,852.7,1625.0,High
290,Field_C,3130.0,2926.0,75.5,0.256,110.0,0.829,734.6,1452.0,Medium
291,Field_B,2964.0,4826.0,65.7,0.057,11.5,0.707,976.2,1546.0,Medium
292,Field_A,2488.0,2268.0,104.0,0.142,139.5,0.617,940.4,1053.0,Low
293,Field_C,3644.0,2392.0,123.1,0.215,,0.156,974.7,1383.0,Medium
294,Field_A,3232.0,4655.0,126.6,0.24,202.2,0.478,700.5,985.0,Low
295,Field_A,2720.0,1412.0,110.3,0.223,149.4,0.781,1060.8,1140.0,Low
296,Field_B,3753.0,3803.0,122.8,0.259,119.6,0.304,1167.8,699.0,Low
297,Field_B,2746.0,3414.0,114.5,,175.6,0.312,968.4,1606.0,High
298,Field_B,2379.0,2911.0,100.0,0.08,23.3,0.003,638.1,2177.0,High
299,Field_B,3092.0,3340.0,118.9,,135.7,0.174,639.6,1318.0,Medium
300,Field_B,3177.0,2822.0,136.3,0.255,28.3,0.875,724.9,1886.0,High
301,Field_C,3266.0,4734.0,100.9,0.084,389.6,0.442,687.1,1950.0,High
302,Field_A,3348.0,4944.0,100.9,0.303,10.6,0.984,785.8,1020.0,Low
303,Field_A,3258.0,2951.0,98.6,0.123,84.4,0.396,926.5,1106.0,Low
304,Field_A,3238.0,3720.0,81.3,0.193,178.5,0.715,858.0,1896.0,High
305,Field_A,2713.0,2440.0,110.4,0.094,91.9,0.282,840.5,1463.0,Medium
306,Field_B,2660.0,4358.0,134.3,0.263,14.5,0.364,751.8,984.0,Low
307,Field_A,3371.0,4338.0,123.5,0.25,120.9,0.191,785.2,1245.0,Medium
308,Field_C,3122.0,3264.0,116.6,0.113,153.9,0.347,959.3,1668.0,High
309,Field_C,3410.0,3514.0,122.6,0.309,182.5,0.547,397.6,1182.0,Low
310,Field_A,2146.0,3425.0,110.2,0.17,70.1,0.992,797.7,390.0,Low
311,Field_A,2750.0,2205.0,81.0,0.138,124.4,0.664,857.6,1371.0,Medium
312,Field_C,3954.0,4737.0,135.7,0.096,89.9,0.199,956.7,1404.0,Medium
313,Field_C,3276.0,2886.0,141.4,0.13,167.2,0.045,598.0,1504.0,Medium
314,Field_B,3148.0,2892.0,105.4,0.057,131.4,0.126,587.4,2004.0,High
315,Field_C,3354.0,3380.0,117.0,0.225,111.9,0.563,916.8,1521.0,Medium
316,Field_B,4104.0,4296.0,115.3,0.303,43.1,,419.1,1597.0,Medium
317,Field_B,3999.0,3027.0,127.0,0.215,0.3,0.94,1066.4,1922.0,High
318,Field_B,2210.0,1938.0,153.8,0.116,28.7,0.016,845.3,1504.0,Medium
319,Field_B,2395.0,2790.0,143.2,0.06,18.7,0.523,1111.7,2355.0,High
320,Field_B,2193.0,3839.0,112.5,0.114,89.4,0.471,582.6,995.0,Low
321,Field_A,2626.0,5252.0,130.8,0.175,142.1,0.656,712.7,1126.0,Low
322,Field_C,3027.0,2492.0,145.1,0.278,35.9,0.56,318.4,1746.0,High
323,Field_B,3121.0,2463.0,128.2,0.106,419.7,0.687,640.9,2002.0,High
324,Field_C,2235.0,2290.0,119.9,0.266,1.0,0.658,763.2,1420.0,Medium
325,Field_C,2066.0,2191.0,128.9,0.31,222.0,0.117,407.5,1096.0,Low
326,Field_B,2618.0,4465.0,105.9,0.186,147.2,0.8,721.1,2204.0,High
327,Field_A,3458.0,4696.0,108.9,0.296,70.2,0.123,402.5,1183.0,Low
328,Field_B,3545.0,3642.0,98.7,0.216,7.8,0.699,748.5,1636.0,High
329,Field_A,3853.0,3126.0,126.1,0.241,148.1,0.416,1029.4,2026.0,High
330,Field_C,2984.0,4933.0,117.4,0.208,73.1,0.514,793.0,1323.0,Medium
331,Field_A,3414.0,3639.0,103.5,0.189,413.0,0.903,1131.6,1251.0,Medium
332,Field_A,3505.0,4372.0,116.7,0.12,117.1,,957.3,1279.0,Medium
333,Field_A,2752.0,3087.0,129.4,0.141,421.1,0.818,1069.6,1861.0,High
334,Field_C,3194.0,3535.0,158.3,0.137,37.4,0.51,647.0,1924.0,High
335,Field_C,3329.0,2510.0,140.2,0.219,194.0,0.736,642.2,1513.0,Medium
336,Field_A,2545.0,4003.0,74.3,0.086,144.1,0.513,869.1,2253.0,High
337,Field_A,3821.0,3653.0,124.8,,201.7,0.87,484.5,1513.0,Medium
338,Field_B,2981.0,2784.0,148.6,0.266,36.2,0.403,894.2,2017.0,High
339,Field_A,3044.0,2795.0,93.2,0.17,164.0,0.97,735.2,1327.0,Medium
340,Field_B,2526.0,4793.0,131.0,0.098,103.4,0.932,1066.0,2434.0,High
341,Field_A,2610.0,5077.0,115.3,0.315,,0.742,935.9,2128.0,High
342,Field_B,1902.0,3329.0,143.0,0.297,59.4,0.279,1019.3,1449.0,Medium
343,Field_C,3028.0,3554.0,128.1,0.267,331.2,0.132,649.2,2074.0,High
344,Field_A,4253.0,3820.0,102.3,0.131,13.2,0.855,1009.6,2054.0,High
345,Field_A,2491.0,3618.0,116.0,0.171,246.9,0.165,1088.9,2121.0,High
346,Field_A,4488.0,2161.0,117.2,0.081,,0.854,792.3,507.0,Low
347,Field_A,3707.0,3842.0,117.5,0.107,254.9,0.491,652.1,1788.0,High
348,Field_B,2763.0,1830.0,142.4,0.285,107.8,0.407,655.6,1717.0,High
349,Field_A,3014.0,2914.0,103.1,0.265,86.5,0.903,1047.8,1688.0,High
350,Field_C,2932.0,3904.0,140.1,0.228,838.4,0.604,1336.9,1587.0,Medium
351,Field_C,3853.0,3980.0,114.0,0.319,39.0,0.577,603.7,1599.0,Medium
352,Field_A,3259.0,2852.0,124.5,0.225,118.7,0.559,588.3,2013.0,High
353,Field_C,3591.0,3133.0,121.4,0.19,166.6,0.371,984.3,1716.0,High
354,Field_A,3179.0,3025.0,119.6,0.152,181.0,0.786,649.2,1587.0,Medium
355,Field_A,2944.0,3418.0,119.7,,,0.253,1003.7,1956.0,High
356,Field_C,3163.0,3479.0,149.1,0.075,,0.939,893.1,1667.0,High
357,Field_A,2797.0,4035.0,136.8,0.329,255.9,0.894,795.2,1705.0,High
358,Field_C,2274.0,3086.0,112.7,0.298,7.7,0.337,888.3,2247.0,High
359,Field_B,3407.0,3799.0,151.7,0.089,363.7,0.729,876.0,1326.0,Medium
360,Field_A,2249.0,3906.0,125.5,0.219,4.5,0.573,764.1,894.0,Low
361,Field_B,2866.0,3659.0,127.2,0.31,66.0,0.338,448.7,1529.0,Medium
362,Field_C,2780.0,3292.0,103.3,0.222,2.4,0.989,835.7,1586.0,Medium
363,Field_B,3322.0,3645.0,110.1,0.322,12.0,0.025,1114.6,1789.0,High
364,Field_B,3782.0,4101.0,106.2,0.333,363.2,0.253,478.2,1543.0,Medium
365,Field_C,3602.0,4171.0,121.7,0.177,65.7,0.52,606.8,1802.0,High
366,Field_B,3336.0,4952.0,132.8,0.163,82.9,0.522,885.4,2502.0,High
367,Field_B,2685.0,2708.0,127.3,0.331,36.4,0.589,807.7,1821.0,High
368,Field_C,2908.0,3148.0,151.8,,136.4,0.752,882.2,1891.0,High
369,Field_B,2835.0,2209.0,102.2,0.085,135.5,0.623,660.1,1448.0,Medium
370,Field_C,2765.0,4245.0,122.3,0.063,69.8,0.6,1032.5,946.0,Low
371,Field_B,2799.0,3232.0,94.3,0.219,60.8,0.054,809.4,581.0,Low
372,Field_C,2785.0,3665.0,101.6,0.329,324.4,0.377,939.4,1293.0,Medium
373,Field_C,2763.0,3017.0,145.3,0.303,72.5,0.232,864.1,468.0,Low
374,Field_B,3476.0,3239.0,110.7,,102.0,0.265,835.1,1705.0,High
375,Field_B,2473.0,4479.0,103.9,0.092,50.0,0.554,925.4,1347.0,Medium
376,Field_B,2635.0,4055.0,77.4,0.126,231.8,0.2,837.3,975.0,Low
377,Field_A,2208.0,3411.0,103.7,0.313,76.0,0.294,562.0,1552.0,Medium
378,Field_A,3708.0,4114.0,115.9,0.105,108.1,0.237,1017.5,1205.0,Medium
379,Field_A,2602.0,4132.0,92.9,0.134,43.8,0.949,963.6,1680.0,High
380,Field_C,3330.0,3187.0,114.7,0.089,659.2,0.945,378.6,1783.0,High
381,Field_B,3238.0,2325.0,145.4,0.253,51.7,0.61,669.2,1219.0,Medium
382,Field_C,3659.0,2781.0,105.9,0.333,220.9,0.925,1008.5,1405.0,Medium
383,Field_A,2895.0,2428.0,101.1,0.131,83.7,0.786,434.6,1586.0,Medium
384,Field_B,2526.0,4432.0,97.5,0.193,34.6,0.59,988.7,937.0,Low
385,Field_C,2222.0,4570.0,97.2,0.24,241.2,0.006,771.8,1586.0,Medium
386,Field_B,1608.0,4769.0,130.7,0.35,60.9,0.773,1068.1,928.0,Low
387,Field_C,3081.0,1884.0,121.0,0.081,300.6,0.702,799.8,1726.0,High
388,Field_B,3388.0,4357.0,139.1,,370.2,0.615,655.6,1326.0,Medium
389,Field_A,3236.0,5270.0,160.4,0.166,294.7,0.76,861.6,925.0,Low
390,Field_A,2235.0,4390.0,83.4,0.31,5.3,0.513,793.9,1268.0,Medium
391,Field_B,3519.0,1779.0,127.6,0.193,232.2,0.704,637.8,1285.0,Medium
392,Field_C,2651.0,4915.0,97.6,0.083,79.5,,1243.7,1927.0,High
393,Field_A,2547.0,3533.0,135.8,0.24,310.4,0.376,605.8,1569.0,Medium
394,Field_A,2640.0,3314.0,114.6,0.281,152.4,0.708,351.4,1117.0,Low
395,Field_A,3039.0,3861.0,120.5,0.051,269.0,0.476,1116.3,2160.0,High
396,Field_B,2258.0,2661.0,94.3,0.308,103.8,,683.3,1751.0,High
397,Field_B,2981.0,3502.0,111.5,0.106,114.9,,740.6,1365.0,Medium
398,Field_C,3215.0,4796.0,121.8,0.216,23.4,0.045,728.4,878.0,Low
399,Field_C,3554.0,3998.0,147.1,0.175,229.9,0.647,686.1,1330.0,Medium
400,Field_C,3088.0,3547.0,104.1,0.266,81.6,0.227,646.8,1412.0,Medium
401,Field_B,2330.0,3572.0,109.0,0.161,104.0,0.67,600.6,1648.0,High
402,Field_B,3074.0,2555.0,138.9,0.311,230.6,0.468,813.0,1743.0,High
403,Field_C,2470.0,3380.0,102.8,0.269,137.0,0.774,719.6,1823.0,High
404,Field_C,2441.0,2193.0,142.8,0.244,33.7,0.123,946.1,855.0,Low
405,Field_B,2319.0,4318.0,119.8,0.289,133.8,0.626,896.5,1583.0,Medium
406,Field_C,2044.0,1751.0,126.1,0.276,78.5,0.278,614.5,1436.0,Medium
407,Field_A,2716.0,4184.0,127.4,0.061,,0.853,821.7,2571.0,High
408,Field_B,3564.0,4284.0,107.7,0.168,4.3,0.928,716.4,1526.0,Medium
409,Field_C,4128.0,4555.0,127.8,0.329,35.4,0.996,601.7,1251.0,Medium
410,Field_B,2713.0,3569.0,104.6,0.088,49.5,0.796,937.9,1544.0,Medium
411,Field_A,3543.0,4233.0,110.0,0.271,187.2,0.754,775.7,1497.0,Medium
412,Field_B,2803.0,3372.0,131.2,0.342,1.7,0.216,718.5,704.0,Low
413,Field_B,2175.0,2551.0,125.9,0.066,78.8,0.336,628.9,1663.0,High
414,Field_B,3350.0,4725.0,118.5,0.255,,0.466,594.4,1376.0,Medium
415,Field_B,3117.0,3422.0,94.8,0.19,17.8,0.773,1197.8,1489.0,Medium
416,Field_A,3909.0,2372.0,99.8,0.224,109.0,0.915,866.8,1151.0,Low
417,Field_B,2233.0,3127.0,125.5,0.076,231.6,0.189,581.8,1062.0,Low
418,Field_B,4398.0,3158.0,134.6,0.063,428.5,0.922,857.6,1852.0,High
419,Field_C,3796.0,3869.0,97.8,0.25,206.0,0.696,1012.4,1943.0,High
420,Field_B,2991.0,5378.0,103.2,0.297,191.2,0.611,833.5,1667.0,High
421,Field_C,2851.0,3918.0,122.7,0.285,262.7,0.2,1074.8,776.0,Low
422,Field_A,2642.0,3665.0,122.3,0.213,88.6,0.056,491.4,1693.0,High
423,Field_A,3055.0,5465.0,87.5,0.08,245.9,0.568,401.7,782.0,Low
424,Field_A,2908.0,4283.0,123.2,0.256,1.2,0.652,852.1,1236.0,Medium
425,Field_A,3257.0,3703.0,108.0,0.123,387.7,0.211,855.3,1846.0,High
426,Field_C,2853.0,3116.0,152.8,0.323,87.9,0.556,132.1,1763.0,High
427,Field_B,3707.0,3753.0,125.0,0.301,120.9,0.856,675.3,1683.0,High
428,Field_A,3063.0,3447.0,128.4,0.263,44.1,0.835,598.3,2025.0,High
429,Field_B,2872.0,3573.0,128.9,0.335,203.5,0.927,521.6,1724.0,High
430,Field_C,3512.0,4552.0,95.7,0.059,12.0,0.366,597.8,692.0,Low
431,Field_C,2189.0,3068.0,158.9,0.271,309.1,0.318,919.2,1352.0,Medium
432,Field_C,3170.0,3911.0,87.5,0.149,264.1,0.749,596.5,1483.0,Medium
433,Field_A,3013.0,4259.0,135.9,0.322,36.5,0.431,603.4,1437.0,Medium
434,Field_B,2295.0,2970.0,132.4,0.13,,0.088,476.2,1253.0,Medium
435,Field_B,2146.0,2842.0,110.5,0.267,231.5,0.283,1053.8,1088.0,Low
436,Field_B,3505.0,3380.0,133.3,0.313,150.0,0.419,886.9,2460.0,High
437,Field_C,3481.0,3131.0,113.6,0.062,70.1,0.293,301.5,1345.0,Medium
438,Field_A,3086.0,4422.0,106.5,0.169,47.5,,603.6,2441.0,High
439,Field_C,3858.0,2699.0,129.4,0.279,39.6,0.294,905.7,1043.0,Low
440,Field_C,3220.0,3555.0,99.9,0.186,57.5,0.041,1056.3,1763.0,High
441,Field_B,3625.0,5537.0,115.5,0.13,350.8,0.637,968.2,1592.0,Medium
442,Field_C,3210.0,3830.0,108.1,0.116,12.1,0.597,728.9,1131.0,Low
443,Field_B,2862.0,3963.0,113.3,0.089,264.8,0.653,413.7,1313.0,Medium
444,Field_A,2471.0,4429.0,128.7,,64.4,,974.0,1494.0,Medium
445,Field_B,2698.0,3130.0,108.1,0.223,110.6,0.296,740.6,1162.0,Low
446,Field_A,2871.0,2635.0,116.2,0.073,237.3,0.62,813.8,1398.0,Medium
447,Field_B,3682.0,3641.0,109.9,0.165,,0.6,764.5,554.0,Low
448,Field_C,3385.0,3712.0,148.9,0.16,63.4,0.506,528.9,1785.0,High
449,Field_C,3165.0,2205.0,126.9,0.105,92.9,0.35,872.9,1991.0,High
450,Field_A,3435.0,3800.0,124.4,0.181,80.3,0.913,845.3,1682.0,High
451,Field_A,3264.0,4356.0,133.7,0.15,2.0,,714.8,2406.0,High
452,Field_A,3131.0,2770.0,108.1,0.153,52.6,0.456,894.2,1773.0,High
453,Field_B,2251.0,3848.0,137.2,0.272,92.2,0.678,525.2,1957.0,High
454,Field_B,3570.0,4214.0,126.9,0.117,79.4,,746.2,1995.0,High
455,Field_A,2771.0,3969.0,88.8,0.243,192.0,0.347,805.2,400.0,Low
456,Field_C,3544.0,4045.0,91.4,0.221,72.9,0.436,453.0,1669.0,High
457,Field_B,3593.0,3304.0,108.6,0.22,100.8,0.794,788.6,947.0,Low
458,Field_B,2665.0,2598.0,93.6,,84.2,0.278,946.7,1028.0,Low
459,Field_B,3475.0,3142.0,115.2,0.215,202.4,0.142,739.4,1097.0,Low
460,Field_A,2820.0,3031.0,99.7,0.314,298.1,0.313,793.2,1375.0,Medium
461,Field_A,2822.0,3436.0,118.0,0.253,113.9,0.85,912.5,1760.0,High
462,Field_A,3129.0,4375.0,148.2,,233.7,0.089,722.4,1674.0,High
463,Field_A,3142.0,2451.0,119.0,0.299,52.8,0.992,740.4,1495.0,Medium
464,Field_A,3019.0,3615.0,113.9,0.232,116.9,0.541,564.7,1789.0,High
465,Field_C,2333.0,2649.0,127.8,0.137,63.5,0.985,797.0,1813.0,High
466,Field_C,2939.0,2908.0,106.1,0.112,80.2,0.939,733.0,1677.0,High
467,Field_A,4139.0,3947.0,136.9,0.096,197.7,0.453,899.8,810.0,Low
468,Field_B,1608.0,2548.0,129.9,0.32,320.1,0.198,912.7,1204.0,Medium
469,Field_A,3435.0,4087.0,120.8,0.263,19.4,0.165,958.2,1511.0,Medium
470,Field_C,3529.0,2418.0,123.1,0.331,151.0,0.24,698.3,1793.0,High
471,Field_C,2321.0,4034.0,160.8,0.231,130.9,0.71,364.7,969.0,Low
472,Field_B,2765.0,2260.0,138.8,0.192,18.9,0.273,948.3,1495.0,Medium
473,Field_C,2500.0,3006.0,164.0,0.068,35.7,0.341,886.2,874.0,Low
474,Field_A,3927.0,5017.0,130.6,0.251,55.9,0.449,672.9,1910.0,High
475,Field_B,3552.0,4867.0,90.6,0.225,27.4,0.913,911.0,1597.0,Medium
476,Field_A,3576.0,3170.0,114.8,0.347,41.9,0.189,510.3,962.0,Low
477,Field_A,3060.0,3812.0,86.0,0.122,46.7,0.005,1006.0,959.0,Low
478,Field_B,3656.0,4463.0,130.6,0.209,61.3,0.06,733.3,1655.0,High
479,Field_A,2996.0,4045.0,134.9,0.245,207.6,0.905,634.2,2050.0,High
480,Field_C,3680.0,3281.0,102.3,0.243,127.3,0.648,675.7,1061.0,Low
481,Field_A,2926.0,2901.0,106.9,0.218,643.0,0.273,753.7,1815.0,High
482,Field_B,2660.0,4194.0,123.0,0.283,80.4,0.177,797.6,1283.0,Medium
483,Field_B,3905.0,4405.0,96.0,0.111,210.3,0.294,809.7,1829.0,High
484,Field_B,2990.0,4873.0,94.5,0.268,307.7,0.115,714.1,1773.0,High
485,Field_A,2551.0,2150.0,144.8,0.236,170.4,0.942,840.0,1562.0,Medium
486,Field_B,2545.0,2498.0,122.3,0.319,79.6,0.784,801.7,766.0,Low
487,Field_B,2547.0,4430.0,108.8,0.304,210.1,0.462,670.5,1772.0,High
488,Field_A,3422.0,2259.0,86.2,0.145,34.2,0.865,640.4,1701.0,High
489,Field_C,2951.0,4491.0,137.0,0.133,59.5,0.249,921.7,1664.0,High
490,Field_A,4149.0,3328.0,106.3,0.344,118.7,0.717,904.9,1578.0,Medium
491,Field_B,3593.0,3083.0,157.2,0.208,128.5,0.856,811.4,1148.0,Low
492,Field_B,3129.0,3664.0,137.2,0.322,3.4,0.357,984.8,1933.0,High
493,Field_A,3702.0,2424.0,103.8,0.099,435.4,0.757,407.7,1859.0,High
494,Field_C,2752.0,4159.0,105.7,0.243,178.9,0.295,687.1,1070.0,Low
495,Field_B,2073.0,4852.0,154.4,0.293,102.7,0.299,568.7,2026.0,High
496,Field_B,2505.0,4196.0,118.3,0.334,405.7,0.107,1251.3,1553.0,Medium
497,Field_B,3074.0,3303.0,109.7,0.151,86.7,0.44,942.6,1552.0,Medium
498,Field_A,2889.0,2270.0,120.6,0.267,590.1,0.73,784.2,1429.0,Medium
499,Field_B,3412.0,2300.0,109.6,0.212,107.7,0.94,957.0,1469.0,Medium
500,Field_C,2938.0,2436.0,124.8,0.068,18.2,0.604,1023.3,2048.0,High
